Accession,Tannin,Phenol,Flavonoid,Antioxidant,Crude_Protein,Moisture_Content,Seed_Length,Seed_Width,Seed_Thickness,Seed_Weight
TSs10,274.7666,339.571,139.1339,254.0701,40.5749,10.0196,9.105,7.137,6.844,0.3438
TSs104,657.5469,108.633,131.4324,194.1806,32.6942,9.9801,8.929,6.935,6.675,0.3337
TSs10A,618.7516,177.5283,131.5367,355.3538,40.7884,9.0583,8.531,6.737,6.205,0.2811
TSs11,128.3716,118.427,19.4752,113.3927,33.3464,9.98,7.519,6.442,6.367,0.2366
TSs111,791.7869,197.5507,89.5486,305.3446,31.8202,9.4416,7.828,6.326,6.146,0.2163
TSs116,568.449,152.2742,89.9363,439.1321,40.81,9.4082,8.3319,6.192,5.929,0.2453
TSs119A,433.3211,147.1922,177.9326,329.0827,42.7902,9.1925,8.055,6.964,6.553,0.3145
TSs120,352.8691,232.0282,123.4998,250.3605,41.4636,9.2718,9.416,6.905,6.315,0.3271
TSs131,504.1747,156.6925,85.2353,448.9999,48.1205,8.7596,8.87,6.694,6.535,0.3049
TSs132,578.2648,210.2302,102.9832,20.6793,34.268,9.0504,8.268,6.97,6.809,0.3152
TSs133,350.1812,211.6684,124.4822,218.1536,38.2993,9.2796,8.543,6.994,6.831,0.3192
TSs136,577.1809,94.4102,98.7135,126.2676,30.6437,9.1308,8.492,6.87,6.346,0.2993
TSs138,824.8287,129.6703,172.522,310.6212,28.6142,8.7587,8.238,6.194,5.684,0.2316
TSs138B,858.9787,175.2201,111.5397,394.2755,37.7665,9.1594,7.93,6.209,6.512,0.2498
TSs15,679.6809,129.9531,170.9023,362.5123,28.9638,10.0296,8.594,7.047,6.838,0.3191
TSs151B,676.752,98.5565,111.4318,272.9554,36.657,8.9982,7.776,5.898,5.699,0.2064
TSs155,864.0123,142.676,179.5901,247.7517,38.9019,9.3613,7.613,5.77,5.826,0.2024
TSs156A,673.0273,227.193,87.0934,129.3921,26.3302,8.9246,7.666,7.115,6.955,0.2889
TSs157A,329.9727,365.4656,87.0501,282.6805,75.2961,9.083,8.551,6.323,6.356,0.2715
TSs158,650.3584,110.9048,128.6958,236.1097,42.3092,9.2826,9.519,7.181,7.257,0.386
TSs161,974.4482,114.0187,129.4405,251.7821,40.1396,8.9203,8.879,6.672,5.975,0.2908
TSs166,661.8187,140.0815,112.4057,253.7804,42.0299,10.2097,8.584,6.686,7.041,0.3126
TSs168,491.7802,115.191,108.4078,143.1303,30.9135,9.4308,8.648,7.089,6.648,0.3105
TSs182,105.3347,223.024,23.56,11.8408,21.4564,10.7708,7.931,6.859,6.508,0.275
TSs195,964.1767,104.5272,124.4166,309.2212,32.4961,9.1617,8.397,6.882,6.755,0.3062
TSs1A,614.837,314.2018,185.051,329.7207,29.4977,9.0213,8.475,6.585,6.154,0.2676
TSs2,612.3873,207.025,106.9121,388.5813,40.3741,9.0432,8.205,6.662,6.262,0.2738
TSs201,444.7664,130.1339,204.8414,352.2605,26.6457,9.8302,9.191,6.228,5.817,0.278
TSs209,148.4618,128.572,33.3317,157.3427,33.8968,9.8302,7.882,6.475,6.054,0.239
TSs217,650.6497,204.2231,129.6348,521.6129,36.4835,10.0402,7.824,6.0,5.659,0.2091
TSs22,311.4411,84.9229,95.369,171.532,36.5107,9.2614,9.438,6.641,6.331,0.332
TSs224,376.7036,127.4583,143.7957,268.1243,36.5727,9.1727,8.517,6.994,6.56,0.3247
TSs22A,367.1091,326.1758,173.7708,387.7688,39.675,9.6625,8.466,5.834,5.611,0.2302
TSs22B,670.1416,139.7406,164.5692,340.9148,38.0655,8.899,8.345,6.669,6.319,0.2703
TSs23,728.0536,125.3675,172.8461,195.0374,33.3069,10.01,8.743,6.72,6.577,0.311
TSs24,708.9025,79.5223,85.8761,97.6587,29.634,9.4289,8.639,6.83,6.524,0.3032
TSs266,723.1589,130.7556,151.0334,320.3445,36.8552,9.225,9.418,6.886,6.075,0.3245
TSs269,574.673,117.715,97.791,139.5326,33.8356,9.6205,8.104,6.774,6.314,0.2853
TSs27,998.2619,173.8248,141.9488,334.4423,35.8473,9.5523,9.414,7.042,6.615,0.3445
TSs274,806.7179,124.7378,134.0523,179.7701,40.5027,9.15,8.928,7.54,6.879,0.3483
TSs277,870.1362,172.4322,121.6666,264.1308,38.9872,8.9366,8.728,6.97,6.6,0.3165
TSs282,660.285,145.065,90.9044,334.3454,39.7985,9.2522,8.552,6.501,63.747,0.264
TSs287,304.203,431.7576,121.121,319.6629,39.4693,9.5316,8.792,6.437,5.892,0.2837
TSs291,668.3546,77.0327,56.3632,24.5133,34.6255,9.5514,10.2,7.677,7.14,0.4657
TSs293,820.2456,141.0439,213.3108,350.3448,44.2151,9.0408,8.31,6.391,5.849,0.2557
TSs294,666.9942,111.1508,115.7971,167.5009,20.011,9.1597,8.236,6.702,6.368,0.2852
TSs296,648.9521,172.4303,123.1293,365.4678,39.1228,9.2065,7.582,6.341,6.213,0.2339
TSs297,485.2617,555.535,193.0297,402.5843,37.7632,9.7099,9.085,6.362,5.877,0.2787
TSs3,847.8753,180.4767,161.3991,427.941,39.8559,,8.079,6.465,6.029,0.2474
TSs30,1089.2639,180.5667,104.3985,429.2781,42.7592,9.3932,8.56,6.867,6.867,0.3157
TSs303,843.1463,159.8706,120.2859,242.7116,36.9929,8.9442,7.741,6.075,6.221,0.2341
TSs311,611.1371,123.7142,164.312,218.0483,36.7383,9.1124,9.096,7.32,7.002,0.2739
TSs314A,415.1132,129.0994,198.878,310.6305,30.8655,9.1286,8.375,6.759,5.45,0.246
TSs314B,628.4249,110.5444,123.1767,99.1105,42.6113,9.2211,8.644,6.752,6.029,0.2868
TSs317,679.1949,148.8271,208.1639,314.4012,43.8851,9.4235,8.771,6.744,6.263,0.2954
TSs325,298.0742,83.6721,97.3252,209.0588,46.0993,9.1193,8.72,6.954,6.341,0.3175
TSs33,367.5943,467.8246,84.8804,253.1565,39.1247,9.0182,8.126,6.657,6.667,0.2928
TSs331,301.2836,368.1063,94.4936,229.3712,46.9431,9.1425,8.636,6.698,6.078,0.3684
TSs333,309.7842,78.7313,95.8487,251.8335,38.9218,9.2803,8.441,6.874,6.314,0.2901
TSs334,382.1529,781.815,137.5815,367.2032,36.9741,9.4594,9.335,6.556,6.477,0.318
TSs336,312.6511,433.4962,74.4715,222.0956,39.3999,9.6619,8.538,6.528,6.499,0.2965
TSs338,682.4898,164.3751,110.0446,245.0522,22.4557,9.3808,7.94,6.643,5.904,0.2503
TSs346,785.5186,155.7477,203.7322,374.8749,39.9945,9.4146,8.785,7.178,6.186,0.2997
TSs349,711.6551,98.0617,54.5481,43.5325,34.9494,9.8702,8.277,6.266,5.861,0.2385
TSs357,384.0176,125.0586,148.2726,318.5442,37.696,9.4207,9.152,7.329,6.438,0.3586
TSs358,604.9482,493.2804,106.3939,233.7249,31.8331,9.7204,8.618,6.819,6.798,0.3188
TSs361,697.4196,274.9757,148.5048,224.358,40.1285,9.4923,8.579,6.784,6.554,0.3004
TSs363,522.5297,144.945,78.599,274.3542,32.7902,8.9267,8.546,6.877,6.773,0.3137
TSs365,413.0177,124.6159,164.4911,236.239,36.9472,9.0693,7.51,6.439,6.637,0.2446
TSs368,376.4239,343.3155,181.1329,342.724,25.0925,8.8995,8.826,6.792,6.528,0.3098
TSs371,754.6969,148.6314,126.6756,268.389,33.1045,9.5316,8.956,7.066,7.25,0.3684
TSs377,410.5869,248.3471,155.0748,366.7672,38.8294,9.5611,7.703,6.266,6.053,0.2339
TSs378,710.2643,137.1092,76.3105,244.2338,42.8242,9.3295,8.445,6.875,6.724,0.308
TSs38,400.5753,240.2477,172.8402,293.7556,36.3557,9.5601,8.482,6.353,6.137,0.2692
TSs383,643.1733,160.3863,120.5957,329.0305,23.9776,9.1711,8.446,6.281,6.452,0.2714
TSs3A,825.2793,113.3171,75.6606,214.7163,37.5147,9.012,8.803,6.414,5.916,0.2767
TSs4,268.3234,336.7442,100.5521,141.7759,37.4426,9.3596,8.018,6.691,6.705,0.2749
TSs417,348.5572,398.3666,82.5183,209.1415,22.7453,9.4515,9.351,7.707,6.995,0.3921
TSs44C,365.2691,267.8538,101.4573,319.7093,36.7212,9.5054,7.718,6.188,6.154,0.2369
TSs48,410.0512,233.5067,157.8214,314.1956,37.629,9.242,8.065,6.377,6.268,0.2416
TSs49,402.2793,236.3107,157.0387,298.9095,36.1902,9.4402,8.755,6.454,607.692,0.2624
TSs49A,341.3318,616.1908,145.4076,362.173,35.6142,8.981,8.821,6.562,6.36,0.2914
TSs51,521.7178,238.5635,122.7154,278.6151,31.9736,9.3322,8.498,6.63,6.279,0.2812
TSs53,966.1917,169.1331,233.4822,377.2999,25.1935,9.2811,8.829,6.992,6.794,0.3275
TSs56,665.9753,112.7774,156.0456,205.2376,21.2067,8.9634,9.495,6.814,6.547,0.3431
TSs56A,417.1586,165.8537,192.578,373.3174,41.3184,9.403,8.692,6.55,5.851,0.2612
TSs58,369.5259,240.4416,145.5991,329.6458,38.1442,9.2851,8.477,7.008,6.639,0.322
TSs59B,665.688,168.0218,143.615,325.4741,45.7165,9.3198,8.808,6.849,6.574,0.3057
TSs5A,337.4848,299.3159,102.3365,378.1757,38.7656,8.8765,8.741,6.894,6.725,0.3131
TSs60,397.5966,460.1611,156.2654,383.5638,39.5981,9.0716,8.553,6.529,5.704,0.2107
TSs60B,330.6456,337.0973,161.404,327.5042,38.7756,8.9594,7.47,6.058,5.846,0.1925
TSs61,729.3173,124.3802,76.4038,391.0035,31.9099,9.2812,8.662,6.95,6.552,0.3027
TSs63,678.1904,180.925,90.9165,323.3046,30.3728,9.4707,8.862,6.771,6.648,0.316
TSs63A,388.0629,374.5027,159.156,313.8706,26.3193,9.6186,8.684,6.658,5.847,0.2741
TSs68,345.2485,204.3337,106.8907,223.8588,34.1146,9.3613,8.564,6.859,6.888,0.3194
TSs69,314.7324,674.3893,132.002,285.9524,26.85,10.1694,9.27,6.598,5.952,0.2986
TSs7,413.2652,135.3081,109.4678,333.8153,37.4738,9.0092,8.632,6.679,6.089,0.2724
TSs78,695.4664,139.254,100.1268,225.9642,27.3638,9.4622,9.336,7.176,7.003,0.3559
TSs82,400.0851,104.1727,126.3708,318.8113,38.3574,9.4417,9.087,6.701,6.38,0.3217
TSs84,628.5628,142.1775,119.092,249.0301,31.668,9.2211,8.133,6.202,5.444,0.2198
TSs89,329.5135,117.4642,103.9615,198.1165,30.131,8.7699,8.752,6.462,6.135,0.2672
TSs9,356.3111,456.1242,88.2927,322.9104,33.6216,9.5324,8.588,6.323,6.1,0.2585
TSs95,759.2388,103.7719,157.6267,277.2436,32.2586,9.9904,8.666,6.686,6.563,0.3019
TSs96,382.6171,267.9499,130.3282,180.0356,38.5744,9.7254,9.016,6.71,6.32,0.2877
TSs98,983.6321,129.4902,171.1973,376.8051,32.5866,9.2921,9.212,7.132,7.113,0.3607
