PC1,PC2,PC3,PC4,PC5,PC6,PC7,PC8,PC9,PC10,sample,silicoDArT_cluster,cluster_k2,cluster_k3,cluster_k4,cluster_k5,cluster_k6,cluster_k7,best_k
24.356362597597112,-1.2785480402594307,-0.7649049729838231,-2.009254952840535,-0.15358262466545328,-0.43519004901686964,-1.0871468375791842,-3.9257533607547805,-1.1467453993685635,1.7224596210567054,TSs156A,1,1,2,1,3,1,1,2
32.724154150815544,-0.47873543237202026,3.5495256203409635,0.3864628020329025,-1.2592243708342539,8.864460790676073,1.5512839516482473,4.168124689920554,-2.8568673017605235,-5.527908618247735,TSs361,1,1,2,1,3,1,1,2
-7.506226956927817,-8.270507302416515,-1.078844995200898,0.2860034607881386,-10.23302069154645,1.5794951460031095,-2.01468600016246,3.499078390509971,6.580498564211638,0.8872316474517304,TSs368,0,0,1,0,4,4,5,2
18.00305767360209,0.4257240811609901,5.898679746651448,1.2366735396810855,-0.03763440547693832,-2.5670153394720656,-1.800260130341027,1.0562879663152793,3.9237516308240328,3.170625747260303,TSs138B,1,1,2,1,3,1,1,2
-6.264947707714348,-12.347449946009586,8.523039991865604,-0.3881512065419806,7.654043985886947,2.2230486882095355,-6.555017471856242,-0.17077906096533388,3.6589750647716692,-1.2843203364913487,TSs22B,0,0,1,0,4,4,4,2
-9.367788478800229,0.6440304200107781,2.963136162932152,5.013162548813845,5.1925777621692975,11.597885440421445,-3.8745336083785435,4.71469776442716,-5.463946444219949,4.617459118819512,TSs314A,0,0,0,3,1,3,0,2
2.1841642630281672,-3.889897793178345,-14.853021207391764,-0.1666851256483724,-10.120255079016856,1.8929155041209311,-0.283054397049822,-8.031206265574918,0.9907181682571816,-1.2262532107076844,TSs157A,0,0,0,2,2,0,6,2
20.956745465423708,-3.6400440870734467,1.6834318260873615,-3.2213993483427994,-1.011995542454232,-1.5902935916115657,0.6299361690482616,-0.07203386842340738,3.377596309065284,2.221301372706241,TSs363,1,1,2,1,3,1,1,2
32.44655623239676,-0.4947286775892307,3.479325291060893,0.633110172779955,-1.2043342040953784,8.78050076549935,1.690058430619107,4.050462863694893,-3.0294800341398993,-5.514345362312003,TSs151B,1,1,2,1,3,1,1,2
22.95158515883924,-3.0897801280785027,-0.6465456614349635,-1.2886520140537088,0.19235832949668855,-3.80250210606177,-0.9976680684987923,0.2318547290076042,4.794272399624184,1.9343253025654392,TSs133,1,1,2,1,3,1,1,2
18.205150684299912,2.356119108855124,0.754632365201787,-8.924563596465557,1.1167867802903801,0.5913709429232792,-2.30684506636244,1.497967562481622,8.598808234318936,1.3054677836396322,TSs155,1,1,2,1,3,1,1,2
-4.269662312771576,12.341593025048919,1.468430657154703,4.148250052267713,3.8686463059152523,-3.393044289250681,-11.374695019361383,-11.017202624887053,-9.696858876828797,-5.910826521707825,TSs209,0,0,0,3,0,2,2,2
-4.067507867802715,-8.031763609536796,-1.7486111875338006,-2.1044508381295937,-2.9422104070500494,-2.511509495501391,0.03297734782604208,-3.1655535262710255,2.664027348625303,-2.227811522986746,TSs136,0,0,1,0,4,4,5,2
-3.446472325562613,-9.683910046275741,-1.4699960390965596,3.1794487182479823,14.523552606468707,0.10143878285670142,0.18789255356438136,0.7543028107943288,3.1527703339443742,-4.082529178751816,TSs22A,0,0,1,0,4,4,4,2
17.167117317987074,3.0022329242431383,8.46218430888618,2.063952450363323,-3.751017155307227,3.3961447255162147,1.0117992366955397,4.272143477570833,-0.8271718452810258,-3.8479735942138755,TSs357,1,1,2,1,3,1,1,2
-10.28883641973922,11.029799732931266,3.9419715102982855,-6.261350305521577,3.089081297442025,2.9186259687536213,-8.432008146049169,7.910957369788044,-3.603163745990094,2.263543635467919,TSs161,0,0,0,3,1,3,0,2
3.2222952856072307,2.1623381655644955,6.9203845808702065,5.807597516617859,-1.0983507768170928,-8.317842841651782,-2.9366545534491535,4.680760946538306,4.752901741847643,3.2723075962591484,TSs5A,0,0,0,2,0,2,2,2
-4.674944712665257,1.0357198264465155,-6.553950350360377,2.121661433591675,-2.7207305334355385,7.6902485346133895,-1.068004591474475,0.18394853066903563,4.682085222308342,-3.497745628451801,TSs131,0,0,0,2,1,0,6,2
-2.6732755501457843,6.300119173860926,7.5033630270251015,5.09321340550478,-3.1080292743653977,-2.121179506299908,-8.477929142411046,-8.166816101099924,-2.75953879190006,-2.293824018980343,TSs294,0,0,0,3,0,2,2,2
-7.561791447059427,1.8062153903541993,8.137543105145934,2.8379665164461114,3.7713807890197533,1.4643170907669643,-0.5465676404907991,3.29914010839432,3.70551901557928,-5.235974412279288,TSs378,0,0,0,3,1,3,2,2
-3.955403916612504,-0.5135184178528749,-4.439180732988263,7.723954371412994,-1.8296102803760745,8.192739625470125,12.114278278180073,6.367110823987337,5.484622992876159,-0.391315144875547,TSs336,0,0,0,2,1,0,6,2
9.91177077815845,6.909069358231407,6.270173440735571,-2.181454513358422,-0.8461987487464699,-1.3796119092959092,-1.2982952966276033,-5.998776069274966,-0.9049329793470692,-2.9030503210806677,TSs111,1,1,2,1,0,2,2,2
-4.07097895795384,-4.241257040508809,-3.982810607222269,-6.68908829083362,-9.507171364024652,-4.547612569045606,-6.5214675100380886,-2.335899232150396,6.073649084324294,-1.3096037059876453,TSs56,0,0,1,0,4,4,5,2
-4.640225226458666,-5.630866609372142,-2.6473672065667,6.110426826703717,0.9319017238540059,-4.770844520716123,1.636778353939154,12.996061553212632,-5.708723849702006,0.9116793667805098,TSs3A,0,0,0,2,2,4,5,2
-3.4604474961395186,7.849405879197977,-6.470288290100833,6.8302810877363775,-2.882352021183209,1.7458816290996224,3.252874862745752,-5.691024111706139,1.734225051313451,-7.387026238685714,TSs95,0,0,0,2,1,0,6,2
-3.178704219421843,-16.574948663755563,0.2137291639720816,-4.002678545467546,12.969506701506905,-2.3480272970762397,6.141382247082711,1.2301341377127593,-0.674419286818552,-4.799615282362355,TSs2,0,0,1,0,4,4,4,2
1.1034910075190314,-1.4584087968271786,1.222447427669888,-5.630938876206077,0.4068400771200356,-0.40151426138793134,-1.3455705229803077,-8.581761159350743,-1.1747518021225918,3.1898344355835087,TSs44C,0,0,0,0,0,2,3,2
-10.441890517927579,-1.340650758663704,-2.186378770652948,3.238998155631523,-1.190087057679987,-7.597218276481832,0.9565044790401916,9.634309737067552,-7.355846567882422,-0.4084486138675379,TSs201,0,0,0,2,2,4,5,2
-0.2687761287297301,13.74352643161357,-10.149637882356073,-17.859921624897925,6.070626750219705,-7.7536387131751034,-3.661178367397151,6.719552277325905,14.9075335855763,-1.2367469732872436,TSs217,0,0,0,3,2,5,6,2
3.9129392400148237,-0.7257277953109434,-4.639856542605795,6.305052437174917,3.6549629304971214,-0.8714703362688296,2.9397418145240866,2.384747067602484,4.493960396631495,17.435420769218513,TSs168,0,0,0,2,0,2,3,2
-8.316299533144537,11.375800980379815,-4.388619239525129,2.243422623706153,-4.065393565554778,4.573145643042106,3.6490218784882997,-0.594511389329667,5.484873244934957,-13.259911368965554,TSs98,0,0,0,3,1,0,6,2
1.6154560511361242,2.9306780620677637,-12.3729780699011,4.248312350324779,8.422500332247163,-8.037875216114823,0.3115142985339756,-3.9651488748819954,2.821927212935728,0.6952617793950863,TSs116,0,0,0,2,2,0,6,2
-9.557748752211516,-5.228526549582384,-2.1040860300350404,-1.8957204149711735,-7.767590763947561,9.881493826180877,-5.4467077442536596,-0.9514205064367772,3.133670838325242,4.7679701639764325,TSs53,0,0,1,0,4,4,5,2
-8.72103919753763,1.4067887865921878,5.174498957539361,-3.218900199813179,0.9882272631926444,3.4704351456149722,3.6916925190750307,-0.7097322059355066,4.382746689298223,-0.6675227217618094,TSs63A,0,0,0,3,1,3,0,2
-1.315448689231687,3.6087954968936384,7.33671321970532,-3.3440109163104372,0.2312364058972076,-2.6572469396635774,-5.590585802813447,3.964194304089533,-1.0851865012478363,-0.45549628511026924,TSs158,0,0,0,3,0,2,2,2
1.8396685664184347,2.7599974796824105,-1.0364684326587452,12.115642826817755,7.9110370617469465,4.2888036493863515,-11.540317414704866,-9.298514829960205,-0.5966497305413918,0.43507495212782193,TSs269,0,0,0,2,0,2,2,2
-8.512130110339953,-0.10180776626170324,-3.9076360455007415,10.857195346945867,0.8548989638098625,4.1622823367780555,-3.9606578207847414,-3.584071461799499,0.33057220356632433,-1.6894876866186672,TSs317,0,0,0,2,0,0,2,2
7.510325541910675,-2.5930829616327964,-7.731433873419904,-4.176112401392429,-0.4719717453260225,-3.251204933287079,1.8968709704540343,-9.543054936929469,-7.142053144698179,4.118607928732535,TSs49A,0,0,0,2,2,2,3,2
-9.043878059424888,13.32641882795403,3.8087223988757355,-9.089464861552159,5.884671455931611,11.806052355430255,1.6641010415033757,0.19515569633162982,2.6292842592906966,11.618779535382098,TSs417,0,0,0,3,1,3,0,2
6.432286917045142,1.6648858975169112,5.899377788483664,8.94216263411548,-1.7810370716080812,-4.845279028471407,-5.20788055416715,1.4768437232614453,4.780868059011695,3.7222904547378524,TSs195,0,0,0,2,0,2,2,2
-4.744215812302944,12.404049459300566,-8.320394479184076,-0.23133359838704645,-0.4014649691023972,-3.606715090912673,1.380210713535683,4.005819772758067,0.31137037842666326,-7.953075620220956,TSs371,0,0,0,3,2,0,6,2
-2.055642558336143,1.8687468061533175,11.336138019864654,2.242395314203524,-4.52879571436597,-0.9748053385337376,0.02994025797584686,1.9933730245037393,4.506999093546515,0.7097903135654671,TSs23,0,0,0,3,0,2,2,2
-9.730450242745547,0.5699359835031254,1.5755256046556418,9.145139153171684,-2.840098496683072,-1.2268201428098846,1.4436623929988948,-0.6006987022577068,4.95536375224064,-1.3360235866021999,TSs51,0,0,0,2,0,0,2,2
-7.529488619072286,-11.211877110271026,5.036638456870139,-5.566977744421478,-1.4491301680170061,8.463527777563465,3.1359319406538333,-3.8909761513485215,1.6848358949103195,-0.01404425574365422,TSs59B,0,0,1,0,4,4,5,2
17.51116791764823,0.4803089351810303,-6.359278693910405,-1.9920497104102535,1.8018514797902083,1.4450070260013883,2.727210098647211,-3.350208990547317,-6.968158371203722,1.1058624587578156,TSs365,1,1,2,1,3,1,3,2
3.1894070802549845,3.3360369362287288,11.388225858716176,2.8353921701659965,-4.316099688346431,-4.2629839096782325,-0.9348896377291687,0.7886092627033248,-0.4330216372375974,4.829256277760217,TSs224,0,0,0,3,0,2,2,2
3.703809260794233,0.09982738787240225,4.737348108496669,4.219488178937289,-1.637125146637901,-6.80241616604334,-4.171710892771575,3.899075367649948,3.5274358062467797,6.732182091929052,TSs119A,0,0,0,2,0,2,2,2
0.11709894729786534,3.3518307258455695,-15.045560152001459,9.063358220424584,-1.1015741580068623,-0.5136197698041128,3.1562602174955843,-3.599644724900494,2.90080954187262,-6.437093762646084,TSs166,0,0,0,2,2,0,6,2
3.9998301747473555,-5.211664020906461,-10.312121646149475,0.21875844996303914,7.975892338065667,-3.455990212715638,0.8795593308771503,0.5066747750105739,-5.9051381777873875,-3.742411337215095,TSs297,0,0,0,2,2,4,3,2
-5.002966597251662,-1.0787262667706574,2.4236157865230252,1.4321939219192488,-4.033697045332024,-11.3164750101065,0.6982646376089742,-4.312900767310457,-0.8361725742451945,5.48756075038043,TSs338,0,0,0,2,0,2,2,2
-4.504501786181972,-0.5211077596112487,1.4784693010102603,6.812895579253936,7.504413237593641,1.4587787347638357,-3.975398310963783,-8.812056381504746,-1.5580133347287737,-4.875280657272105,TSs293,0,0,0,2,0,2,2,2
-1.4909258271712862,-0.008898581815185578,-12.728277305099244,9.294480821611923,4.628062185545087,5.2728766788099986,-3.1367893486423064,4.644363931804455,-7.028501477885366,7.202073276615017,TSs24,0,0,0,2,2,0,3,2
-5.334983933376182,-13.574380399670213,4.721122484066261,-0.42471892527179816,14.344852570713435,1.458899154794745,1.979077692857743,-1.1251883186659712,-0.6231308674026713,-2.5511107720006185,TSs1A,0,0,1,0,4,4,4,2
3.939373802753677,-0.6835299981160874,-3.1977274617756923,-2.4591432884727547,-3.357846819611858,-0.9682302410097221,15.422976436521616,-8.386019391714727,-11.28891180878982,8.055910554360192,TSs277,0,0,0,2,2,2,3,2
-6.251052350469556,-4.289575142140555,8.605210976764374,-9.85887412914164,-1.2108517811545563,-6.304946038712294,7.569677056290102,-4.66655280977517,-2.254964862224342,0.5789017983750335,TSs60B,0,0,1,0,4,4,5,2
-5.423679077515529,2.3835849448428004,-12.605634688131262,10.273694365753197,-7.462796079582325,-1.9221330881129004,10.572268334772255,10.209939746931333,-6.214536749040008,-1.6738502941652762,TSs303,0,0,0,2,2,0,6,2
-5.681175923315571,7.815470386055262,5.9397223180562095,7.1780770272984515,-0.6316136725514412,-3.0267631017118672,-4.589186901499722,-2.6730613086873753,-2.7840410443750643,-4.848354478129382,TSs120,0,0,0,3,0,2,2,2
-6.100149321490172,5.471685843244266,8.579472657558204,0.8663727676654475,5.258261235097048,3.6787368393535984,7.592139514506504,-0.25813362263770023,4.004079269472524,-5.473081369054998,TSs132,0,0,0,3,1,3,0,2
-1.5548551588389803,11.068968438501615,-5.894042663437925,-14.473827694623552,5.995205898230734,-1.7280507088167099,-4.106292780980234,4.036945335181879,-15.81361664473965,-0.2529385515399248,TSs78,0,0,0,3,2,2,3,2
-1.4325784404745996,8.925752258499944,9.928959239216212,-1.8352188680837365,-6.211174472554483,-7.316107634098477,-1.2584833527293047,0.8123728979719964,-3.0786966870651513,3.6372488047335674,TSs61,0,0,0,3,0,2,2,2
-8.813779045807411,-14.27408774283164,-5.132654988683228,-3.846741712700738,-10.415935201744418,0.29229013887376926,-3.0332627090816766,2.6850434074984366,-2.5664112549828064,-1.4801503120238568,TSs60,0,0,1,0,4,4,5,2
-6.7638450998716,-10.790661292464728,-3.8973316762820818,-5.476216247252081,-10.830043787683287,2.168324539427189,-5.072003943454736,-3.584026481056671,1.6148478204997734,-2.5602397910080277,TSs10A,0,0,1,0,4,4,5,2
-0.33697217610918645,-17.57121067327891,-10.370259477135885,-11.461246625486057,-8.4286560014526,3.9218294722462894,-5.349175863729521,-3.573149122981658,1.707855173511328,-0.7455044548632842,TSs282,0,0,1,0,4,4,5,2
-9.202791965455106,17.205909865446245,-1.8439510152801013,-7.284093976653122,-0.12099800273377527,15.399341074992815,4.609382915377227,0.4498020403869014,0.2977335242189099,11.216341841898696,TSs56A,0,0,0,3,1,3,0,2
-5.483038159671157,-11.358111614004065,1.6405176040605818,1.244325866135535,13.014524610485982,3.8375622734860593,1.5703950635788528,0.9033659757980245,4.700471687369964,-2.8112630526839952,TSs296,0,0,1,0,4,4,4,2
-6.163513503540519,1.249348223587317,-0.6639452586236337,-7.073541321383355,-1.1195127341759425,-6.525621205793157,-4.3568482861504165,15.523139515899844,-11.408158112896011,-5.925810656434804,TSs311,0,0,0,3,2,4,5,2
32.73831472641901,-0.48014121819361716,3.4233770763502314,0.5659760701778657,-1.034549009466197,8.760729394741883,1.5320494191093954,4.313510361068629,-3.2019080590695244,-5.177109305561311,TSs358,1,1,2,1,3,1,1,2
-11.281713849430085,13.088604888794826,11.217414958671212,-8.001699963450875,-5.174690683672029,-2.4233485291583348,9.562494767204676,-8.374800129542447,-2.7360576391027425,-5.331395312354406,TSs82,0,0,0,3,1,3,0,2
-5.758278482364894,5.077710773126893,5.203938022870631,0.06809763204053372,-11.280878679721708,2.233102833376191,5.162960949515338,2.9398813651177607,-1.799115429335598,-6.245655708551458,TSs15,0,0,0,3,1,3,2,2
-6.336315229828298,-14.892512484900447,2.1903771818976074,-1.9975351349501391,-2.9357632791507986,-4.764067326073651,-0.0620533184121498,8.68656730553346,-0.6929884471187387,-1.0994333627834547,TSs3,0,0,1,0,4,4,5,2
-5.961444287363252,-11.657639278517209,4.245471692616381,-6.523699710236303,-1.68188499529535,-3.7900551706212138,4.94398605616741,-7.0003644632859165,-6.0549615118185525,0.7054896175040531,TSs4,0,0,1,0,4,4,5,2
-3.5572970473386487,1.6336170392460265,-1.408236186894194,5.97245690342967,-2.7100136385213,-4.807213033368707,2.5534723348579753,0.19316241495221126,2.625256701309843,7.851463591439976,TSs331,0,0,0,2,0,2,2,2
-9.540298291678875,-5.463564260889465,-0.49036907847121225,-2.8636705058386505,-2.286291194615602,12.295575851409641,-15.002779423739607,2.4111498913814575,-5.831023696593619,5.17008588687495,TSs314B,0,0,1,0,4,4,5,2
-11.418304046355528,3.6675416884595933,4.337734751826652,0.7499286249080953,1.5028923199118762,7.898180261314525,10.920193947915116,-0.6105959813608807,3.4995063264206863,2.0142953434857995,TSs333,0,0,0,3,1,3,0,2
-5.449349990920906,-6.762909640766722,14.683138847049442,-3.322996122224007,8.001017319802715,-7.560502672561294,7.686354994086759,-0.9880801257881839,-0.8701004229362606,-0.501904990697549,TSs7,0,0,1,0,4,4,4,2
2.293967948303335,11.264593733564443,-19.15372654484132,-12.478847854356385,9.797150774050717,-6.867320358902007,-0.22885121522951565,-0.07948823679302564,7.700678969003467,-0.9864009167592853,TSs38,0,0,0,2,2,5,6,2
3.992486228656395,2.6421260963304016,0.3971315565134015,7.995295446731927,-4.283224394163264,-9.55368617134048,-2.2549987584076874,0.982070161127784,5.566690497638743,2.667414706545221,TSs10,0,0,0,2,0,2,2,2
2.479448389926157,-0.8401515546845145,-5.7047336407192555,8.023953374194162,1.90754600585496,-4.888056501782953,5.373278945230525,-3.58349778809228,-2.769826975723687,10.926350770658729,TSs48,0,0,0,2,2,2,3,2
