chr,rs_i,rs_j,pos_i,pos_j,dist_bp,r2
Vu01,100013726|F|0-64:C>G-64:C>G,100016754|F|0-66:C>A-66:C>A,328264,1290094,961830,0.2403426074397575
Vu01,100016754|F|0-66:C>A-66:C>A,100034804|F|0-11:G>A-11:G>A,1290094,5843731,4553637,0.01489532292981771
Vu01,100034804|F|0-11:G>A-11:G>A,100015763|F|0-37:C>T-37:C>T,5843731,7877137,2033406,0.00018619511424020253
Vu01,100017658|F|0-34:T>G-34:T>G,100018802|F|0-14:G>A-14:G>A,30643579,30676663,33084,0.8172989922597044
Vu01,100017658|F|0-34:T>G-34:T>G,100013950|F|0-50:T>C-50:T>C,30643579,30947226,303647,0.04969590268886043
Vu01,100018802|F|0-14:G>A-14:G>A,100013950|F|0-50:T>C-50:T>C,30676663,30947226,270563,0.05009868836124563
Vu02,100013521|F|0-57:C>G-57:C>G,100034096|F|0-46:G>C-46:G>C,20518913,21233031,714118,0.0
Vu02,100013521|F|0-57:C>G-57:C>G,100021959|F|0-60:G>A-60:G>A,20518913,21244140,725227,0.001519197611337738
Vu02,100013521|F|0-57:C>G-57:C>G,100036015|F|0-34:G>A-34:G>A,20518913,24184641,3665728,0.00016721569152049158
Vu02,100013521|F|0-57:C>G-57:C>G,100019248|F|0-30:G>A-30:G>A,20518913,25315767,4796854,0.0
Vu02,100013521|F|0-57:C>G-57:C>G,100040444|F|0-34:C>A-34:C>A,20518913,25326701,4807788,0.004655951274166258
Vu02,100013521|F|0-57:C>G-57:C>G,100018194|F|0-8:A>C-8:A>C,20518913,25429826,4910913,0.0
Vu02,100034096|F|0-46:G>C-46:G>C,100021959|F|0-60:G>A-60:G>A,21233031,21244140,11109,0.0
Vu02,100034096|F|0-46:G>C-46:G>C,100036015|F|0-34:G>A-34:G>A,21233031,24184641,2951610,0.0
Vu02,100034096|F|0-46:G>C-46:G>C,100019248|F|0-30:G>A-30:G>A,21233031,25315767,4082736,0.0
Vu02,100034096|F|0-46:G>C-46:G>C,100040444|F|0-34:C>A-34:C>A,21233031,25326701,4093670,0.0
Vu02,100034096|F|0-46:G>C-46:G>C,100018194|F|0-8:A>C-8:A>C,21233031,25429826,4196795,0.0
Vu02,100034096|F|0-46:G>C-46:G>C,100029339|F|0-11:C>T-11:C>T,21233031,26187715,4954684,0.0
Vu02,100034096|F|0-46:G>C-46:G>C,100021620|F|0-68:T>C-68:T>C,21233031,26207208,4974177,0.0
Vu02,100021959|F|0-60:G>A-60:G>A,100036015|F|0-34:G>A-34:G>A,21244140,24184641,2940501,0.003708466274900488
Vu02,100021959|F|0-60:G>A-60:G>A,100019248|F|0-30:G>A-30:G>A,21244140,25315767,4071627,0.0
Vu02,100021959|F|0-60:G>A-60:G>A,100040444|F|0-34:C>A-34:C>A,21244140,25326701,4082561,0.005947688495973878
Vu02,100021959|F|0-60:G>A-60:G>A,100018194|F|0-8:A>C-8:A>C,21244140,25429826,4185686,0.0
Vu02,100021959|F|0-60:G>A-60:G>A,100029339|F|0-11:C>T-11:C>T,21244140,26187715,4943575,0.05897158547239668
Vu02,100021959|F|0-60:G>A-60:G>A,100021620|F|0-68:T>C-68:T>C,21244140,26207208,4963068,0.05076085666824873
Vu02,100036015|F|0-34:G>A-34:G>A,100019248|F|0-30:G>A-30:G>A,24184641,25315767,1131126,0.0
Vu02,100036015|F|0-34:G>A-34:G>A,100040444|F|0-34:C>A-34:C>A,24184641,25326701,1142060,0.22256677786982512
Vu02,100036015|F|0-34:G>A-34:G>A,100018194|F|0-8:A>C-8:A>C,24184641,25429826,1245185,0.0
Vu02,100036015|F|0-34:G>A-34:G>A,100029339|F|0-11:C>T-11:C>T,24184641,26187715,2003074,0.007374226952734518
Vu02,100036015|F|0-34:G>A-34:G>A,100021620|F|0-68:T>C-68:T>C,24184641,26207208,2022567,0.05255192607095675
Vu02,100036015|F|0-34:G>A-34:G>A,100021718|F|0-14:T>C-14:T>C,24184641,26744915,2560274,0.014998015464229892
Vu02,100036015|F|0-34:G>A-34:G>A,100014497|F|0-28:A>G-28:A>G,24184641,28608269,4423628,0.010730710346598938
Vu02,100019248|F|0-30:G>A-30:G>A,100040444|F|0-34:C>A-34:C>A,25315767,25326701,10934,0.0
Vu02,100019248|F|0-30:G>A-30:G>A,100018194|F|0-8:A>C-8:A>C,25315767,25429826,114059,0.0
Vu02,100019248|F|0-30:G>A-30:G>A,100029339|F|0-11:C>T-11:C>T,25315767,26187715,871948,0.0
Vu02,100019248|F|0-30:G>A-30:G>A,100021620|F|0-68:T>C-68:T>C,25315767,26207208,891441,0.0
Vu02,100019248|F|0-30:G>A-30:G>A,100021718|F|0-14:T>C-14:T>C,25315767,26744915,1429148,0.0
Vu02,100019248|F|0-30:G>A-30:G>A,100014497|F|0-28:A>G-28:A>G,25315767,28608269,3292502,0.0
Vu02,100019248|F|0-30:G>A-30:G>A,100017158|F|0-22:G>A-22:G>A,25315767,30259566,4943799,0.0
Vu02,100040444|F|0-34:C>A-34:C>A,100018194|F|0-8:A>C-8:A>C,25326701,25429826,103125,0.0
Vu02,100040444|F|0-34:C>A-34:C>A,100029339|F|0-11:C>T-11:C>T,25326701,26187715,861014,0.05737394257299659
Vu02,100040444|F|0-34:C>A-34:C>A,100021620|F|0-68:T>C-68:T>C,25326701,26207208,880507,0.12901042192124018
Vu02,100040444|F|0-34:C>A-34:C>A,100021718|F|0-14:T>C-14:T>C,25326701,26744915,1418214,0.03231850066518081
Vu02,100040444|F|0-34:C>A-34:C>A,100014497|F|0-28:A>G-28:A>G,25326701,28608269,3281568,0.004840863330280579
Vu02,100040444|F|0-34:C>A-34:C>A,100017158|F|0-22:G>A-22:G>A,25326701,30259566,4932865,0.012672630257376033
Vu02,100018194|F|0-8:A>C-8:A>C,100029339|F|0-11:C>T-11:C>T,25429826,26187715,757889,0.0
Vu02,100018194|F|0-8:A>C-8:A>C,100021620|F|0-68:T>C-68:T>C,25429826,26207208,777382,0.0
Vu02,100018194|F|0-8:A>C-8:A>C,100021718|F|0-14:T>C-14:T>C,25429826,26744915,1315089,0.0
Vu02,100018194|F|0-8:A>C-8:A>C,100014497|F|0-28:A>G-28:A>G,25429826,28608269,3178443,0.0
Vu02,100018194|F|0-8:A>C-8:A>C,100017158|F|0-22:G>A-22:G>A,25429826,30259566,4829740,0.0
Vu02,100029339|F|0-11:C>T-11:C>T,100021620|F|0-68:T>C-68:T>C,26187715,26207208,19493,0.027917882898351648
Vu02,100029339|F|0-11:C>T-11:C>T,100021718|F|0-14:T>C-14:T>C,26187715,26744915,557200,0.13036493123369053
Vu02,100029339|F|0-11:C>T-11:C>T,100014497|F|0-28:A>G-28:A>G,26187715,28608269,2420554,0.061403269196629764
Vu02,100029339|F|0-11:C>T-11:C>T,100017158|F|0-22:G>A-22:G>A,26187715,30259566,4071851,0.005040075064014872
Vu02,100029339|F|0-11:C>T-11:C>T,100029761|F|0-20:T>G-20:T>G,26187715,30481386,4293671,0.008346497606118929
Vu02,100029339|F|0-11:C>T-11:C>T,100016739|F|0-27:A>C-27:A>C,26187715,30482677,4294962,0.008346497606118929
Vu02,100021620|F|0-68:T>C-68:T>C,100021718|F|0-14:T>C-14:T>C,26207208,26744915,537707,0.02835630964326673
Vu02,100021620|F|0-68:T>C-68:T>C,100014497|F|0-28:A>G-28:A>G,26207208,28608269,2401061,0.000577330168708705
Vu02,100021620|F|0-68:T>C-68:T>C,100017158|F|0-22:G>A-22:G>A,26207208,30259566,4052358,0.0375251663165266
Vu02,100021620|F|0-68:T>C-68:T>C,100029761|F|0-20:T>G-20:T>G,26207208,30481386,4274178,0.036233608141818696
Vu02,100021620|F|0-68:T>C-68:T>C,100016739|F|0-27:A>C-27:A>C,26207208,30482677,4275469,0.036233608141818696
Vu02,100021718|F|0-14:T>C-14:T>C,100014497|F|0-28:A>G-28:A>G,26744915,28608269,1863354,0.11038886806210695
Vu02,100021718|F|0-14:T>C-14:T>C,100017158|F|0-22:G>A-22:G>A,26744915,30259566,3514651,0.0034178809138334237
Vu02,100021718|F|0-14:T>C-14:T>C,100029761|F|0-20:T>G-20:T>G,26744915,30481386,3736471,0.039862334578225245
Vu02,100021718|F|0-14:T>C-14:T>C,100016739|F|0-27:A>C-27:A>C,26744915,30482677,3737762,0.0576468063883831
Vu02,100014497|F|0-28:A>G-28:A>G,100017158|F|0-22:G>A-22:G>A,28608269,30259566,1651297,0.03688686970073169
Vu02,100014497|F|0-28:A>G-28:A>G,100029761|F|0-20:T>G-20:T>G,28608269,30481386,1873117,0.002026687186392493
Vu02,100014497|F|0-28:A>G-28:A>G,100016739|F|0-27:A>C-27:A>C,28608269,30482677,1874408,3.1293338790626785e-05
Vu02,100014497|F|0-28:A>G-28:A>G,100018711|F|0-35:A>G-35:A>G,28608269,32416848,3808579,0.07827433879954937
Vu02,100014497|F|0-28:A>G-28:A>G,100016658|F|0-38:T>C-38:T>C,28608269,33337276,4729007,0.023589270421039976
Vu02,100017158|F|0-22:G>A-22:G>A,100029761|F|0-20:T>G-20:T>G,30259566,30481386,221820,0.015571936739297493
Vu02,100017158|F|0-22:G>A-22:G>A,100016739|F|0-27:A>C-27:A>C,30259566,30482677,223111,0.00953744329590244
Vu02,100017158|F|0-22:G>A-22:G>A,100018711|F|0-35:A>G-35:A>G,30259566,32416848,2157282,0.002211702623001712
Vu02,100017158|F|0-22:G>A-22:G>A,100016658|F|0-38:T>C-38:T>C,30259566,33337276,3077710,0.034631980954270385
Vu02,100029761|F|0-20:T>G-20:T>G,100016739|F|0-27:A>C-27:A>C,30481386,30482677,1291,0.9408509488061807
Vu02,100029761|F|0-20:T>G-20:T>G,100018711|F|0-35:A>G-35:A>G,30481386,32416848,1935462,0.053589566328317594
Vu02,100029761|F|0-20:T>G-20:T>G,100016658|F|0-38:T>C-38:T>C,30481386,33337276,2855890,0.0016213173923332288
Vu02,100016739|F|0-27:A>C-27:A>C,100018711|F|0-35:A>G-35:A>G,30482677,32416848,1934171,0.053589566328317594
Vu02,100016739|F|0-27:A>C-27:A>C,100016658|F|0-38:T>C-38:T>C,30482677,33337276,2854599,7.701524102306049e-05
Vu02,100018711|F|0-35:A>G-35:A>G,100016658|F|0-38:T>C-38:T>C,32416848,33337276,920428,0.006607985868554417
Vu03,100018976|F|0-8:C>T-8:C>T,100020010|F|0-17:T>C-17:T>C,2426825,2486590,59765,0.0
Vu03,100018976|F|0-8:C>T-8:C>T,100022228|F|0-38:T>C-38:T>C,2426825,4384995,1958170,0.0
Vu03,100018976|F|0-8:C>T-8:C>T,100059264|F|0-28:T>G-28:T>G,2426825,7290112,4863287,0.0
Vu03,100020010|F|0-17:T>C-17:T>C,100022228|F|0-38:T>C-38:T>C,2486590,4384995,1898405,0.004258831631826276
Vu03,100020010|F|0-17:T>C-17:T>C,100059264|F|0-28:T>G-28:T>G,2486590,7290112,4803522,0.00021713954834973878
Vu03,100020010|F|0-17:T>C-17:T>C,100015245|F|0-49:A>G-49:A>G,2486590,7443089,4956499,0.033467202141900944
Vu03,100022228|F|0-38:T>C-38:T>C,100059264|F|0-28:T>G-28:T>G,4384995,7290112,2905117,0.056876486830597206
Vu03,100022228|F|0-38:T>C-38:T>C,100015245|F|0-49:A>G-49:A>G,4384995,7443089,3058094,0.010457239751421809
Vu03,100022228|F|0-38:T>C-38:T>C,100013001|F|0-27:G>C-27:G>C,4384995,7683103,3298108,0.015242994025122717
Vu03,100059264|F|0-28:T>G-28:T>G,100015245|F|0-49:A>G-49:A>G,7290112,7443089,152977,0.005535750413349979
Vu03,100059264|F|0-28:T>G-28:T>G,100013001|F|0-27:G>C-27:G>C,7290112,7683103,392991,0.005791944511895194
Vu03,100015245|F|0-49:A>G-49:A>G,100013001|F|0-27:G>C-27:G>C,7443089,7683103,240014,0.03541585697629223
Vu03,100016523|F|0-36:G>T-36:G>T,100038653|F|0-19:G>C-19:G>C,39488805,39667683,178878,0.0006859503660305396
Vu03,100016523|F|0-36:G>T-36:G>T,100020372|F|0-11:G>T-11:G>T,39488805,40582693,1093888,0.0034591098420885666
Vu03,100038653|F|0-19:G>C-19:G>C,100020372|F|0-11:G>T-11:G>T,39667683,40582693,915010,0.010540837986490165
Vu03,100033857|F|0-15:C>A-15:C>A,100013444|F|0-54:G>C-54:G>C,47106161,47172807,66646,0.03972790083637689
Vu03,100033857|F|0-15:C>A-15:C>A,100013792|F|0-5:A>G-5:A>G,47106161,47359227,253066,0.002581086414717675
Vu03,100033857|F|0-15:C>A-15:C>A,100014778|F|0-65:A>G-65:A>G,47106161,51500985,4394824,0.0408306615209851
Vu03,100033857|F|0-15:C>A-15:C>A,100021067|F|0-49:G>A-49:G>A,47106161,51946113,4839952,2.9731043274443257e-05
Vu03,100033857|F|0-15:C>A-15:C>A,100020579|F|0-68:T>C-68:T>C,47106161,51968724,4862563,0.0002346806236182574
Vu03,100033857|F|0-15:C>A-15:C>A,100017265|F|0-28:G>A-28:G>A,47106161,52001826,4895665,0.0005619559025455805
Vu03,100013444|F|0-54:G>C-54:G>C,100013792|F|0-5:A>G-5:A>G,47172807,47359227,186420,0.20363318088812374
Vu03,100013444|F|0-54:G>C-54:G>C,100014778|F|0-65:A>G-65:A>G,47172807,51500985,4328178,0.004228694543653925
Vu03,100013444|F|0-54:G>C-54:G>C,100021067|F|0-49:G>A-49:G>A,47172807,51946113,4773306,0.004070141814844675
Vu03,100013444|F|0-54:G>C-54:G>C,100020579|F|0-68:T>C-68:T>C,47172807,51968724,4795917,0.0030416546601351154
Vu03,100013444|F|0-54:G>C-54:G>C,100017265|F|0-28:G>A-28:G>A,47172807,52001826,4829019,0.011605308456882677
Vu03,100013792|F|0-5:A>G-5:A>G,100014778|F|0-65:A>G-65:A>G,47359227,51500985,4141758,0.0006615003884993106
Vu03,100013792|F|0-5:A>G-5:A>G,100021067|F|0-49:G>A-49:G>A,47359227,51946113,4586886,0.011361682372508635
Vu03,100013792|F|0-5:A>G-5:A>G,100020579|F|0-68:T>C-68:T>C,47359227,51968724,4609497,0.015186536816421464
Vu03,100013792|F|0-5:A>G-5:A>G,100017265|F|0-28:G>A-28:G>A,47359227,52001826,4642599,7.972908058417365e-06
Vu03,100014778|F|0-65:A>G-65:A>G,100021067|F|0-49:G>A-49:G>A,51500985,51946113,445128,0.005980680848276612
Vu03,100014778|F|0-65:A>G-65:A>G,100020579|F|0-68:T>C-68:T>C,51500985,51968724,467739,0.03638435771020939
Vu03,100014778|F|0-65:A>G-65:A>G,100017265|F|0-28:G>A-28:G>A,51500985,52001826,500841,0.0774935925226843
Vu03,100014778|F|0-65:A>G-65:A>G,100033333|F|0-30:G>A-30:G>A,51500985,53692049,2191064,0.0004175798640109705
Vu03,100021067|F|0-49:G>A-49:G>A,100020579|F|0-68:T>C-68:T>C,51946113,51968724,22611,0.3839759760054949
Vu03,100021067|F|0-49:G>A-49:G>A,100017265|F|0-28:G>A-28:G>A,51946113,52001826,55713,0.12075071692743015
Vu03,100021067|F|0-49:G>A-49:G>A,100033333|F|0-30:G>A-30:G>A,51946113,53692049,1745936,0.007647646934847864
Vu03,100020579|F|0-68:T>C-68:T>C,100017265|F|0-28:G>A-28:G>A,51968724,52001826,33102,0.4659407444922765
Vu03,100020579|F|0-68:T>C-68:T>C,100033333|F|0-30:G>A-30:G>A,51968724,53692049,1723325,0.0018258253183122731
Vu03,100017265|F|0-28:G>A-28:G>A,100033333|F|0-30:G>A-30:G>A,52001826,53692049,1690223,0.022820412900020973
Vu03,100033333|F|0-30:G>A-30:G>A,100016587|F|0-41:C>T-41:C>T,53692049,57417157,3725108,0.004086737620291882
Vu03,100016587|F|0-41:C>T-41:C>T,100036190|F|0-13:A>T-13:A>T,57417157,59363081,1945924,0.003389091485650865
Vu03,100036190|F|0-13:A>T-13:A>T,100041313|F|0-65:C>T-65:C>T,59363081,62938472,3575391,0.056088854723143886
Vu03,100036190|F|0-13:A>T-13:A>T,100017553|F|0-24:C>A-24:C>A,59363081,64354681,4991600,0.4569553828185855
Vu03,100041313|F|0-65:C>T-65:C>T,100017553|F|0-24:C>A-24:C>A,62938472,64354681,1416209,0.008421044605994991
Vu03,100041313|F|0-65:C>T-65:C>T,100019028|F|0-68:T>A-68:T>A,62938472,64483291,1544819,0.0025779249269155696
Vu03,100041313|F|0-65:C>T-65:C>T,100017631|F|0-51:G>A-51:G>A,62938472,64729430,1790958,0.30706743509486106
Vu03,100017553|F|0-24:C>A-24:C>A,100019028|F|0-68:T>A-68:T>A,64354681,64483291,128610,0.7993664202745501
Vu03,100017553|F|0-24:C>A-24:C>A,100017631|F|0-51:G>A-51:G>A,64354681,64729430,374749,0.002679467448531011
Vu03,100019028|F|0-68:T>A-68:T>A,100017631|F|0-51:G>A-51:G>A,64483291,64729430,246139,0.01194641970450735
Vu04,100035332|F|0-65:G>A-65:G>A,100021780|F|0-9:A>G-9:A>G,505287,742456,237169,0.0
Vu04,100035332|F|0-65:G>A-65:G>A,100019282|F|0-52:T>A-52:T>A,505287,1200237,694950,0.0
Vu04,100035332|F|0-65:G>A-65:G>A,100015778|F|0-37:G>T-37:G>T,505287,1978178,1472891,0.0
Vu04,100035332|F|0-65:G>A-65:G>A,100017924|F|0-5:G>C-5:G>C,505287,2232752,1727465,0.0
Vu04,100035332|F|0-65:G>A-65:G>A,100017712|F|0-29:G>A-29:G>A,505287,3133419,2628132,0.0
Vu04,100035332|F|0-65:G>A-65:G>A,100019334|F|0-53:T>C-53:T>C,505287,4731471,4226184,0.0
Vu04,100021780|F|0-9:A>G-9:A>G,100019282|F|0-52:T>A-52:T>A,742456,1200237,457781,0.005110768367919229
Vu04,100021780|F|0-9:A>G-9:A>G,100015778|F|0-37:G>T-37:G>T,742456,1978178,1235722,0.04534362033195022
Vu04,100021780|F|0-9:A>G-9:A>G,100017924|F|0-5:G>C-5:G>C,742456,2232752,1490296,0.06477718609865475
Vu04,100021780|F|0-9:A>G-9:A>G,100017712|F|0-29:G>A-29:G>A,742456,3133419,2390963,0.06951545957651588
Vu04,100021780|F|0-9:A>G-9:A>G,100019334|F|0-53:T>C-53:T>C,742456,4731471,3989015,0.004489610817941951
Vu04,100019282|F|0-52:T>A-52:T>A,100015778|F|0-37:G>T-37:G>T,1200237,1978178,777941,0.04505437476582662
Vu04,100019282|F|0-52:T>A-52:T>A,100017924|F|0-5:G>C-5:G>C,1200237,2232752,1032515,0.07470278590273356
Vu04,100019282|F|0-52:T>A-52:T>A,100017712|F|0-29:G>A-29:G>A,1200237,3133419,1933182,0.023968212240835146
Vu04,100019282|F|0-52:T>A-52:T>A,100019334|F|0-53:T>C-53:T>C,1200237,4731471,3531234,0.025460520571743993
Vu04,100015778|F|0-37:G>T-37:G>T,100017924|F|0-5:G>C-5:G>C,1978178,2232752,254574,0.39121373946374405
Vu04,100015778|F|0-37:G>T-37:G>T,100017712|F|0-29:G>A-29:G>A,1978178,3133419,1155241,0.04088599595046308
Vu04,100015778|F|0-37:G>T-37:G>T,100019334|F|0-53:T>C-53:T>C,1978178,4731471,2753293,0.004434031465201063
Vu04,100015778|F|0-37:G>T-37:G>T,100039138|F|0-25:A>G-25:A>G,1978178,6816983,4838805,0.0
Vu04,100015778|F|0-37:G>T-37:G>T,100039138|F|0-33:A>G-33:A>G,1978178,6816983,4838805,0.0
Vu04,100017924|F|0-5:G>C-5:G>C,100017712|F|0-29:G>A-29:G>A,2232752,3133419,900667,0.12382686223818175
Vu04,100017924|F|0-5:G>C-5:G>C,100019334|F|0-53:T>C-53:T>C,2232752,4731471,2498719,0.013758326727167331
Vu04,100017924|F|0-5:G>C-5:G>C,100039138|F|0-25:A>G-25:A>G,2232752,6816983,4584231,0.0
Vu04,100017924|F|0-5:G>C-5:G>C,100039138|F|0-33:A>G-33:A>G,2232752,6816983,4584231,0.0
Vu04,100017712|F|0-29:G>A-29:G>A,100019334|F|0-53:T>C-53:T>C,3133419,4731471,1598052,0.05174846551763546
Vu04,100017712|F|0-29:G>A-29:G>A,100039138|F|0-25:A>G-25:A>G,3133419,6816983,3683564,0.0
Vu04,100017712|F|0-29:G>A-29:G>A,100039138|F|0-33:A>G-33:A>G,3133419,6816983,3683564,0.0
Vu04,100019334|F|0-53:T>C-53:T>C,100039138|F|0-25:A>G-25:A>G,4731471,6816983,2085512,0.0
Vu04,100019334|F|0-53:T>C-53:T>C,100039138|F|0-33:A>G-33:A>G,4731471,6816983,2085512,0.0
Vu04,100039138|F|0-25:A>G-25:A>G,100039138|F|0-33:A>G-33:A>G,6816983,6816983,0,0.0
Vu04,100035736|F|0-29:C>T-29:C>T,100015889|F|0-55:C>G-55:C>G,30896897,34569598,3672701,0.06660709736396467
Vu04,100015889|F|0-55:C>G-55:C>G,100019303|F|0-21:A>G-21:A>G,34569598,37777897,3208299,0.012569386676711704
Vu04,100015889|F|0-55:C>G-55:C>G,100035126|F|0-11:T>C-11:T>C,34569598,37919761,3350163,0.009721812882732422
Vu04,100019303|F|0-21:A>G-21:A>G,100035126|F|0-11:T>C-11:T>C,37777897,37919761,141864,3.1386816658189453e-34
Vu04,100019303|F|0-21:A>G-21:A>G,100033468|F|0-18:T>A-18:T>A,37777897,40488211,2710314,0.05328854253704618
Vu04,100035126|F|0-11:T>C-11:T>C,100033468|F|0-18:T>A-18:T>A,37919761,40488211,2568450,0.010139822819938091
Vu05,100058673|F|0-34:G>A-34:G>A,100058671|F|0-36:C>G-36:C>G,1696325,1696325,0,0.7967321532775731
Vu05,100058673|F|0-34:G>A-34:G>A,100044452|F|0-43:C>T-43:C>T,1696325,1696325,0,0.0023487848435437527
Vu05,100058673|F|0-34:G>A-34:G>A,100032841|F|0-19:T>A-19:T>A,1696325,2448565,752240,0.07824948261205497
Vu05,100058673|F|0-34:G>A-34:G>A,100032842|F|0-24:A>C-24:A>C,1696325,2448565,752240,0.11033628665378821
Vu05,100058671|F|0-36:C>G-36:C>G,100044452|F|0-43:C>T-43:C>T,1696325,1696325,0,0.0040035359950267475
Vu05,100058671|F|0-36:C>G-36:C>G,100032841|F|0-19:T>A-19:T>A,1696325,2448565,752240,0.030409649932267444
Vu05,100058671|F|0-36:C>G-36:C>G,100032842|F|0-24:A>C-24:A>C,1696325,2448565,752240,0.04952232716185792
Vu05,100044452|F|0-43:C>T-43:C>T,100032841|F|0-19:T>A-19:T>A,1696325,2448565,752240,0.018773411352705188
Vu05,100044452|F|0-43:C>T-43:C>T,100032842|F|0-24:A>C-24:A>C,1696325,2448565,752240,0.022308433227973445
Vu05,100032841|F|0-19:T>A-19:T>A,100032842|F|0-24:A>C-24:A>C,2448565,2448565,0,0.7629116882312887
Vu05,100034454|F|0-32:T>C-32:T>C,100020284|F|0-15:A>T-15:A>T,11968566,16272496,4303930,0.016171471865017623
Vu05,100015327|F|0-43:T>G-43:T>G,100019651|F|0-27:G>T-27:G>T,38169638,41749633,3579995,0.2569218351590128
Vu05,100015327|F|0-43:T>G-43:T>G,100017365|F|0-6:C>T-6:C>T,38169638,42048402,3878764,0.21379202269803055
Vu05,100015327|F|0-43:T>G-43:T>G,100016503|F|0-64:G>C-64:G>C,38169638,42344593,4174955,0.3423624121430535
Vu05,100019651|F|0-27:G>T-27:G>T,100017365|F|0-6:C>T-6:C>T,41749633,42048402,298769,0.15751362785778225
Vu05,100019651|F|0-27:G>T-27:G>T,100016503|F|0-64:G>C-64:G>C,41749633,42344593,594960,0.42115446867367107
Vu05,100019651|F|0-27:G>T-27:G>T,100046659|F|0-30:C>A-30:C>A,41749633,46605557,4855924,0.006073292353235503
Vu05,100017365|F|0-6:C>T-6:C>T,100016503|F|0-64:G>C-64:G>C,42048402,42344593,296191,0.1962453066332918
Vu05,100017365|F|0-6:C>T-6:C>T,100046659|F|0-30:C>A-30:C>A,42048402,46605557,4557155,0.0034185613722793047
Vu05,100016503|F|0-64:G>C-64:G>C,100046659|F|0-30:C>A-30:C>A,42344593,46605557,4260964,0.01852007667769031
Vu06,100018366|F|0-11:C>A-11:C>A,100048542|F|0-39:C>A-39:C>A,3381583,4481310,1099727,0.0024385388673235763
Vu06,100016234|F|0-15:C>T-15:C>T,100021685|F|0-34:T>A-34:T>A,20274938,22297694,2022756,0.022947703289882045
Vu06,100016234|F|0-15:C>T-15:C>T,100022067|F|0-14:T>C-14:T>C,20274938,22313672,2038734,8.927805627218332e-35
Vu06,100016234|F|0-15:C>T-15:C>T,100013996|F|0-45:C>T-45:C>T,20274938,24104002,3829064,0.0
Vu06,100021685|F|0-34:T>A-34:T>A,100022067|F|0-14:T>C-14:T>C,22297694,22313672,15978,0.006983240223463696
Vu06,100021685|F|0-34:T>A-34:T>A,100013996|F|0-45:C>T-45:C>T,22297694,24104002,1806308,0.0
Vu06,100021685|F|0-34:T>A-34:T>A,100033853|F|0-49:A>G-49:A>G,22297694,26071343,3773649,0.042069520257399455
Vu06,100021685|F|0-34:T>A-34:T>A,100016712|F|0-57:C>A-57:C>A,22297694,27002353,4704659,0.04273195699537353
Vu06,100022067|F|0-14:T>C-14:T>C,100013996|F|0-45:C>T-45:C>T,22313672,24104002,1790330,0.0
Vu06,100022067|F|0-14:T>C-14:T>C,100033853|F|0-49:A>G-49:A>G,22313672,26071343,3757671,0.02865329512893982
Vu06,100022067|F|0-14:T>C-14:T>C,100016712|F|0-57:C>A-57:C>A,22313672,27002353,4688681,0.000531161473087817
Vu06,100013996|F|0-45:C>T-45:C>T,100033853|F|0-49:A>G-49:A>G,24104002,26071343,1967341,0.0
Vu06,100013996|F|0-45:C>T-45:C>T,100016712|F|0-57:C>A-57:C>A,24104002,27002353,2898351,0.0
Vu06,100033853|F|0-49:A>G-49:A>G,100016712|F|0-57:C>A-57:C>A,26071343,27002353,931010,0.015584795084295876
Vu06,100033853|F|0-49:A>G-49:A>G,100033513|F|0-54:T>C-54:T>C,26071343,29636850,3565507,0.0002053181975799834
Vu06,100033853|F|0-49:A>G-49:A>G,100015370|F|0-45:C>T-45:C>T,26071343,29854679,3783336,0.003157831900668578
Vu06,100033853|F|0-49:A>G-49:A>G,100021211|F|0-55:G>A-55:G>A,26071343,30632173,4560830,0.02132338242153661
Vu06,100016712|F|0-57:C>A-57:C>A,100033513|F|0-54:T>C-54:T>C,27002353,29636850,2634497,0.033789838990033884
Vu06,100016712|F|0-57:C>A-57:C>A,100015370|F|0-45:C>T-45:C>T,27002353,29854679,2852326,4.42634560906508e-05
Vu06,100016712|F|0-57:C>A-57:C>A,100021211|F|0-55:G>A-55:G>A,27002353,30632173,3629820,0.011508670147352717
Vu06,100033513|F|0-54:T>C-54:T>C,100015370|F|0-45:C>T-45:C>T,29636850,29854679,217829,0.00537420382165606
Vu06,100033513|F|0-54:T>C-54:T>C,100021211|F|0-55:G>A-55:G>A,29636850,30632173,995323,0.009628781847133755
Vu06,100033513|F|0-54:T>C-54:T>C,100036060|F|0-10:G>T-10:G>T,29636850,32597034,2960184,0.012108466849226644
Vu06,100033513|F|0-54:T>C-54:T>C,100034218|F|0-27:A>T-27:A>T,29636850,33123517,3486667,0.014853263676304395
Vu06,100033513|F|0-54:T>C-54:T>C,100016740|F|0-47:T>C-47:T>C,29636850,33896302,4259452,0.0003317409766454347
Vu06,100015370|F|0-45:C>T-45:C>T,100021211|F|0-55:G>A-55:G>A,29854679,30632173,777494,6.056201550387678e-05
Vu06,100015370|F|0-45:C>T-45:C>T,100036060|F|0-10:G>T-10:G>T,29854679,32597034,2742355,0.029691211401425194
Vu06,100015370|F|0-45:C>T-45:C>T,100034218|F|0-27:A>T-27:A>T,29854679,33123517,3268838,0.025068546807677252
Vu06,100015370|F|0-45:C>T-45:C>T,100016740|F|0-47:T>C-47:T>C,29854679,33896302,4041623,0.07401388888888887
Vu06,100021211|F|0-55:G>A-55:G>A,100036060|F|0-10:G>T-10:G>T,30632173,32597034,1964861,0.0045676131028006385
Vu06,100021211|F|0-55:G>A-55:G>A,100034218|F|0-27:A>T-27:A>T,30632173,33123517,2491344,0.0009583885579209112
Vu06,100021211|F|0-55:G>A-55:G>A,100016740|F|0-47:T>C-47:T>C,30632173,33896302,3264129,0.010186531007751926
Vu06,100036060|F|0-10:G>T-10:G>T,100034218|F|0-27:A>T-27:A>T,32597034,33123517,526483,0.0006028955734625469
Vu06,100036060|F|0-10:G>T-10:G>T,100016740|F|0-47:T>C-47:T>C,32597034,33896302,1299268,0.007627342306677226
Vu06,100034218|F|0-27:A>T-27:A>T,100016740|F|0-47:T>C-47:T>C,33123517,33896302,772785,0.0023697610654132358
Vu07,100044760|F|0-9:A>T-9:A>T,100019395|F|0-49:A>G-49:A>G,52829,128608,75779,0.05981754060919978
Vu07,100044760|F|0-9:A>T-9:A>T,100013415|F|0-20:G>A-20:G>A,52829,385652,332823,0.05059515386653836
Vu07,100019395|F|0-49:A>G-49:A>G,100013415|F|0-20:G>A-20:G>A,128608,385652,257044,0.008088811852585531
Vu07,100034340|F|0-9:G>A-9:G>A,100013876|F|0-55:T>G-55:T>G,25775716,26537890,762174,7.394511788233415e-05
Vu07,100034340|F|0-9:G>A-9:G>A,100018381|F|0-53:C>A-53:C>A,25775716,28235227,2459511,0.0019966873142286644
Vu07,100034340|F|0-9:G>A-9:G>A,100013207|F|0-60:C>G-60:C>G,25775716,29186793,3411077,0.0026694568144798813
Vu07,100034340|F|0-9:G>A-9:G>A,100017267|F|0-60:T>C-60:T>C,25775716,29861358,4085642,0.062227973098098736
Vu07,100034340|F|0-9:G>A-9:G>A,100019240|F|0-12:A>C-12:A>C,25775716,30408014,4632298,0.0
Vu07,100013876|F|0-55:T>G-55:T>G,100018381|F|0-53:C>A-53:C>A,26537890,28235227,1697337,0.11299670629479373
Vu07,100013876|F|0-55:T>G-55:T>G,100013207|F|0-60:C>G-60:C>G,26537890,29186793,2648903,0.05419487054798391
Vu07,100013876|F|0-55:T>G-55:T>G,100017267|F|0-60:T>C-60:T>C,26537890,29861358,3323468,0.13690773570363363
Vu07,100013876|F|0-55:T>G-55:T>G,100019240|F|0-12:A>C-12:A>C,26537890,30408014,3870124,0.0
Vu07,100013876|F|0-55:T>G-55:T>G,100040746|F|0-42:G>A-42:G>A,26537890,31266697,4728807,0.003973897451491503
Vu07,100018381|F|0-53:C>A-53:C>A,100013207|F|0-60:C>G-60:C>G,28235227,29186793,951566,0.07732016273169907
Vu07,100018381|F|0-53:C>A-53:C>A,100017267|F|0-60:T>C-60:T>C,28235227,29861358,1626131,0.048182555625596944
Vu07,100018381|F|0-53:C>A-53:C>A,100019240|F|0-12:A>C-12:A>C,28235227,30408014,2172787,0.0
Vu07,100018381|F|0-53:C>A-53:C>A,100040746|F|0-42:G>A-42:G>A,28235227,31266697,3031470,0.012211579055121382
Vu07,100018381|F|0-53:C>A-53:C>A,100016006|F|0-20:G>A-20:G>A,28235227,32542535,4307308,0.0033309163418834354
Vu07,100018381|F|0-53:C>A-53:C>A,100019858|F|0-55:G>C-55:G>C,28235227,32970913,4735686,0.025716496123945214
Vu07,100013207|F|0-60:C>G-60:C>G,100017267|F|0-60:T>C-60:T>C,29186793,29861358,674565,0.024514657254011665
Vu07,100013207|F|0-60:C>G-60:C>G,100019240|F|0-12:A>C-12:A>C,29186793,30408014,1221221,0.0
Vu07,100013207|F|0-60:C>G-60:C>G,100040746|F|0-42:G>A-42:G>A,29186793,31266697,2079904,0.00207557623043176
Vu07,100013207|F|0-60:C>G-60:C>G,100016006|F|0-20:G>A-20:G>A,29186793,32542535,3355742,0.04566270426769856
Vu07,100013207|F|0-60:C>G-60:C>G,100019858|F|0-55:G>C-55:G>C,29186793,32970913,3784120,0.02783571988740301
Vu07,100013207|F|0-60:C>G-60:C>G,100017285|F|0-30:C>T-30:C>T,29186793,34134592,4947799,0.00014372093824052004
Vu07,100017267|F|0-60:T>C-60:T>C,100019240|F|0-12:A>C-12:A>C,29861358,30408014,546656,0.0
Vu07,100017267|F|0-60:T>C-60:T>C,100040746|F|0-42:G>A-42:G>A,29861358,31266697,1405339,0.05005581067452584
Vu07,100017267|F|0-60:T>C-60:T>C,100016006|F|0-20:G>A-20:G>A,29861358,32542535,2681177,0.03806745892098208
Vu07,100017267|F|0-60:T>C-60:T>C,100019858|F|0-55:G>C-55:G>C,29861358,32970913,3109555,0.02632458415299237
Vu07,100017267|F|0-60:T>C-60:T>C,100017285|F|0-30:C>T-30:C>T,29861358,34134592,4273234,0.028459299844710288
Vu07,100019240|F|0-12:A>C-12:A>C,100040746|F|0-42:G>A-42:G>A,30408014,31266697,858683,0.0
Vu07,100019240|F|0-12:A>C-12:A>C,100016006|F|0-20:G>A-20:G>A,30408014,32542535,2134521,0.0
Vu07,100019240|F|0-12:A>C-12:A>C,100019858|F|0-55:G>C-55:G>C,30408014,32970913,2562899,0.0
Vu07,100019240|F|0-12:A>C-12:A>C,100017285|F|0-30:C>T-30:C>T,30408014,34134592,3726578,0.0
Vu07,100019240|F|0-12:A>C-12:A>C,100018106|F|0-5:T>C-5:T>C,30408014,35385132,4977118,0.0
Vu07,100040746|F|0-42:G>A-42:G>A,100016006|F|0-20:G>A-20:G>A,31266697,32542535,1275838,0.0012515644555694593
Vu07,100040746|F|0-42:G>A-42:G>A,100019858|F|0-55:G>C-55:G>C,31266697,32970913,1704216,0.004562193875602112
Vu07,100040746|F|0-42:G>A-42:G>A,100017285|F|0-30:C>T-30:C>T,31266697,34134592,2867895,0.0012299261678278485
Vu07,100040746|F|0-42:G>A-42:G>A,100018106|F|0-5:T>C-5:T>C,31266697,35385132,4118435,0.00026595134140581454
Vu07,100016006|F|0-20:G>A-20:G>A,100019858|F|0-55:G>C-55:G>C,32542535,32970913,428378,0.012778540500580837
Vu07,100016006|F|0-20:G>A-20:G>A,100017285|F|0-30:C>T-30:C>T,32542535,34134592,1592057,0.003340466621431191
Vu07,100016006|F|0-20:G>A-20:G>A,100018106|F|0-5:T>C-5:T>C,32542535,35385132,2842597,0.017501488784490166
Vu07,100019858|F|0-55:G>C-55:G>C,100017285|F|0-30:C>T-30:C>T,32970913,34134592,1163679,0.006322691437046297
Vu07,100019858|F|0-55:G>C-55:G>C,100018106|F|0-5:T>C-5:T>C,32970913,35385132,2414219,0.03898864639227097
Vu07,100019858|F|0-55:G>C-55:G>C,100019698|F|0-15:C>A-15:C>A,32970913,37885937,4915024,0.02797669878540511
Vu07,100017285|F|0-30:C>T-30:C>T,100018106|F|0-5:T>C-5:T>C,34134592,35385132,1250540,0.00012775687865991035
Vu07,100017285|F|0-30:C>T-30:C>T,100019698|F|0-15:C>A-15:C>A,34134592,37885937,3751345,0.027915554757972208
Vu07,100017285|F|0-30:C>T-30:C>T,100017564|F|0-8:A>T-8:A>T,34134592,38265563,4130971,0.021576350277364625
Vu07,100017285|F|0-30:C>T-30:C>T,100014679|F|0-16:C>A-16:C>A,34134592,38481917,4347325,0.006821000199934247
Vu07,100017285|F|0-30:C>T-30:C>T,100021838|F|0-57:A>G-57:A>G,34134592,38535679,4401087,0.0018439440993788842
Vu07,100017285|F|0-30:C>T-30:C>T,100021703|F|0-41:T>C-41:T>C,34134592,38780837,4646245,0.006867684611711459
Vu07,100017285|F|0-30:C>T-30:C>T,100020292|F|0-58:T>C-58:T>C,34134592,39103737,4969145,0.1136426333478211
Vu07,100018106|F|0-5:T>C-5:T>C,100019698|F|0-15:C>A-15:C>A,35385132,37885937,2500805,0.008819912258158733
Vu07,100018106|F|0-5:T>C-5:T>C,100017564|F|0-8:A>T-8:A>T,35385132,38265563,2880431,0.004860565990402268
Vu07,100018106|F|0-5:T>C-5:T>C,100014679|F|0-16:C>A-16:C>A,35385132,38481917,3096785,0.04520391218555779
Vu07,100018106|F|0-5:T>C-5:T>C,100021838|F|0-57:A>G-57:A>G,35385132,38535679,3150547,0.09770207295516632
Vu07,100018106|F|0-5:T>C-5:T>C,100021703|F|0-41:T>C-41:T>C,35385132,38780837,3395705,0.02700595570875471
Vu07,100018106|F|0-5:T>C-5:T>C,100020292|F|0-58:T>C-58:T>C,35385132,39103737,3718605,0.11332569637715473
Vu07,100018106|F|0-5:T>C-5:T>C,100018705|F|0-34:T>C-34:T>C,35385132,39159477,3774345,0.07912129456818404
Vu07,100018106|F|0-5:T>C-5:T>C,100019856|F|0-16:C>T-16:C>T,35385132,39191443,3806311,0.00024783322947940866
Vu07,100018106|F|0-5:T>C-5:T>C,100021071|F|0-60:A>G-60:A>G,35385132,39201975,3816843,0.0696751141401442
Vu07,100018106|F|0-5:T>C-5:T>C,100016783|F|0-52:G>T-52:G>T,35385132,39495827,4110695,0.0
Vu07,100018106|F|0-5:T>C-5:T>C,100017336|F|0-39:A>G-39:A>G,35385132,40087974,4702842,0.017973686875902586
Vu07,100019698|F|0-15:C>A-15:C>A,100017564|F|0-8:A>T-8:A>T,37885937,38265563,379626,0.04546924258346131
Vu07,100019698|F|0-15:C>A-15:C>A,100014679|F|0-16:C>A-16:C>A,37885937,38481917,595980,0.11589105622162231
Vu07,100019698|F|0-15:C>A-15:C>A,100021838|F|0-57:A>G-57:A>G,37885937,38535679,649742,0.2003787118780097
Vu07,100019698|F|0-15:C>A-15:C>A,100021703|F|0-41:T>C-41:T>C,37885937,38780837,894900,0.025991999880706513
Vu07,100019698|F|0-15:C>A-15:C>A,100020292|F|0-58:T>C-58:T>C,37885937,39103737,1217800,0.014428446575322837
Vu07,100019698|F|0-15:C>A-15:C>A,100018705|F|0-34:T>C-34:T>C,37885937,39159477,1273540,0.006778332993081102
Vu07,100019698|F|0-15:C>A-15:C>A,100019856|F|0-16:C>T-16:C>T,37885937,39191443,1305506,0.05613486738698923
Vu07,100019698|F|0-15:C>A-15:C>A,100021071|F|0-60:A>G-60:A>G,37885937,39201975,1316038,0.016093517859462978
Vu07,100019698|F|0-15:C>A-15:C>A,100016783|F|0-52:G>T-52:G>T,37885937,39495827,1609890,0.0
Vu07,100019698|F|0-15:C>A-15:C>A,100017336|F|0-39:A>G-39:A>G,37885937,40087974,2202037,0.042902636611808244
Vu07,100017564|F|0-8:A>T-8:A>T,100014679|F|0-16:C>A-16:C>A,38265563,38481917,216354,0.001356456734054096
Vu07,100017564|F|0-8:A>T-8:A>T,100021838|F|0-57:A>G-57:A>G,38265563,38535679,270116,0.013730087358684471
Vu07,100017564|F|0-8:A>T-8:A>T,100021703|F|0-41:T>C-41:T>C,38265563,38780837,515274,0.022938517135859978
Vu07,100017564|F|0-8:A>T-8:A>T,100020292|F|0-58:T>C-58:T>C,38265563,39103737,838174,0.0999951212738729
Vu07,100017564|F|0-8:A>T-8:A>T,100018705|F|0-34:T>C-34:T>C,38265563,39159477,893914,0.06487372506477748
Vu07,100017564|F|0-8:A>T-8:A>T,100019856|F|0-16:C>T-16:C>T,38265563,39191443,925880,0.0006340251539775352
Vu07,100017564|F|0-8:A>T-8:A>T,100021071|F|0-60:A>G-60:A>G,38265563,39201975,936412,0.06726801816465378
Vu07,100017564|F|0-8:A>T-8:A>T,100016783|F|0-52:G>T-52:G>T,38265563,39495827,1230264,0.0
Vu07,100017564|F|0-8:A>T-8:A>T,100017336|F|0-39:A>G-39:A>G,38265563,40087974,1822411,0.05800011153867595
Vu07,100014679|F|0-16:C>A-16:C>A,100021838|F|0-57:A>G-57:A>G,38481917,38535679,53762,0.35452829874966735
Vu07,100014679|F|0-16:C>A-16:C>A,100021703|F|0-41:T>C-41:T>C,38481917,38780837,298920,0.00034669061450042545
Vu07,100014679|F|0-16:C>A-16:C>A,100020292|F|0-58:T>C-58:T>C,38481917,39103737,621820,0.15698411449454028
Vu07,100014679|F|0-16:C>A-16:C>A,100018705|F|0-34:T>C-34:T>C,38481917,39159477,677560,0.22916720028155874
Vu07,100014679|F|0-16:C>A-16:C>A,100019856|F|0-16:C>T-16:C>T,38481917,39191443,709526,0.005731448360864375
Vu07,100014679|F|0-16:C>A-16:C>A,100021071|F|0-60:A>G-60:A>G,38481917,39201975,720058,0.29754317390901336
Vu07,100014679|F|0-16:C>A-16:C>A,100016783|F|0-52:G>T-52:G>T,38481917,39495827,1013910,0.0
Vu07,100014679|F|0-16:C>A-16:C>A,100017336|F|0-39:A>G-39:A>G,38481917,40087974,1606057,0.09960618467179459
Vu07,100021838|F|0-57:A>G-57:A>G,100021703|F|0-41:T>C-41:T>C,38535679,38780837,245158,0.10817968527822541
Vu07,100021838|F|0-57:A>G-57:A>G,100020292|F|0-58:T>C-58:T>C,38535679,39103737,568058,0.07187919181757216
Vu07,100021838|F|0-57:A>G-57:A>G,100018705|F|0-34:T>C-34:T>C,38535679,39159477,623798,0.08849428716978387
Vu07,100021838|F|0-57:A>G-57:A>G,100019856|F|0-16:C>T-16:C>T,38535679,39191443,655764,0.038139131551901344
Vu07,100021838|F|0-57:A>G-57:A>G,100021071|F|0-60:A>G-60:A>G,38535679,39201975,666296,0.08350209074014221
Vu07,100021838|F|0-57:A>G-57:A>G,100016783|F|0-52:G>T-52:G>T,38535679,39495827,960148,0.0
Vu07,100021838|F|0-57:A>G-57:A>G,100017336|F|0-39:A>G-39:A>G,38535679,40087974,1552295,0.09721334866683705
Vu07,100021703|F|0-41:T>C-41:T>C,100020292|F|0-58:T>C-58:T>C,38780837,39103737,322900,0.009944982881139968
Vu07,100021703|F|0-41:T>C-41:T>C,100018705|F|0-34:T>C-34:T>C,38780837,39159477,378640,0.026786948730681513
Vu07,100021703|F|0-41:T>C-41:T>C,100019856|F|0-16:C>T-16:C>T,38780837,39191443,410606,0.00014918390436953566
Vu07,100021703|F|0-41:T>C-41:T>C,100021071|F|0-60:A>G-60:A>G,38780837,39201975,421138,0.010404781457271802
Vu07,100021703|F|0-41:T>C-41:T>C,100016783|F|0-52:G>T-52:G>T,38780837,39495827,714990,0.0
Vu07,100021703|F|0-41:T>C-41:T>C,100017336|F|0-39:A>G-39:A>G,38780837,40087974,1307137,0.004116745586784629
Vu07,100020292|F|0-58:T>C-58:T>C,100018705|F|0-34:T>C-34:T>C,39103737,39159477,55740,0.5313202966406958
Vu07,100020292|F|0-58:T>C-58:T>C,100019856|F|0-16:C>T-16:C>T,39103737,39191443,87706,0.12771472962475092
Vu07,100020292|F|0-58:T>C-58:T>C,100021071|F|0-60:A>G-60:A>G,39103737,39201975,98238,0.44565562471527675
Vu07,100020292|F|0-58:T>C-58:T>C,100016783|F|0-52:G>T-52:G>T,39103737,39495827,392090,0.0
Vu07,100020292|F|0-58:T>C-58:T>C,100017336|F|0-39:A>G-39:A>G,39103737,40087974,984237,0.23924562858944345
Vu07,100018705|F|0-34:T>C-34:T>C,100019856|F|0-16:C>T-16:C>T,39159477,39191443,31966,0.11292087063919927
Vu07,100018705|F|0-34:T>C-34:T>C,100021071|F|0-60:A>G-60:A>G,39159477,39201975,42498,0.661773421994684
Vu07,100018705|F|0-34:T>C-34:T>C,100016783|F|0-52:G>T-52:G>T,39159477,39495827,336350,0.0
Vu07,100018705|F|0-34:T>C-34:T>C,100017336|F|0-39:A>G-39:A>G,39159477,40087974,928497,0.2837594636129151
Vu07,100019856|F|0-16:C>T-16:C>T,100021071|F|0-60:A>G-60:A>G,39191443,39201975,10532,0.0016480028646765838
Vu07,100019856|F|0-16:C>T-16:C>T,100016783|F|0-52:G>T-52:G>T,39191443,39495827,304384,0.0
Vu07,100019856|F|0-16:C>T-16:C>T,100017336|F|0-39:A>G-39:A>G,39191443,40087974,896531,0.023358772731367678
Vu07,100021071|F|0-60:A>G-60:A>G,100016783|F|0-52:G>T-52:G>T,39201975,39495827,293852,0.0
Vu07,100021071|F|0-60:A>G-60:A>G,100017336|F|0-39:A>G-39:A>G,39201975,40087974,885999,0.2802192863522179
Vu07,100016783|F|0-52:G>T-52:G>T,100017336|F|0-39:A>G-39:A>G,39495827,40087974,592147,0.0
Vu08,100020334|F|0-65:G>A-65:G>A,100016381|F|0-40:C>G-40:C>G,423524,3031274,2607750,0.00026887872918050646
Vu08,100016381|F|0-40:C>G-40:C>G,100016846|F|0-15:T>C-15:T>C,3031274,5868167,2836893,0.0
Vu08,100016381|F|0-40:C>G-40:C>G,100038956|F|0-22:A>T-22:A>T,3031274,7476338,4445064,0.059824119932777926
Vu08,100016846|F|0-15:T>C-15:T>C,100038956|F|0-22:A>T-22:A>T,5868167,7476338,1608171,0.0
Vu08,100016846|F|0-15:T>C-15:T>C,100018695|F|0-40:A>G-40:A>G,5868167,10283963,4415796,0.0
Vu08,100038956|F|0-22:A>T-22:A>T,100018695|F|0-40:A>G-40:A>G,7476338,10283963,2807625,0.04729925458348634
Vu08,100038956|F|0-22:A>T-22:A>T,100040615|F|0-67:A>T-67:A>T,7476338,12096567,4620229,0.002465097537272749
Vu08,100018695|F|0-40:A>G-40:A>G,100040615|F|0-67:A>T-67:A>T,10283963,12096567,1812604,0.011587274689306341
Vu08,100018695|F|0-40:A>G-40:A>G,100049328|F|0-63:A>C-63:A>C,10283963,12604325,2320362,0.2133792252426002
Vu08,100040615|F|0-67:A>T-67:A>T,100049328|F|0-63:A>C-63:A>C,12096567,12604325,507758,0.11336730908154802
Vu08,100040615|F|0-67:A>T-67:A>T,100019896|F|0-32:C>T-32:C>T,12096567,16375786,4279219,0.08840062802941057
Vu08,100049328|F|0-63:A>C-63:A>C,100019896|F|0-32:C>T-32:C>T,12604325,16375786,3771461,0.07124625482506573
Vu08,100049328|F|0-63:A>C-63:A>C,100035727|F|0-32:C>A-32:C>A,12604325,17172753,4568428,0.06152718444762536
Vu08,100049328|F|0-63:A>C-63:A>C,100020644|F|0-30:T>A-30:T>A,12604325,17202857,4598532,0.12979809241650406
Vu08,100049328|F|0-63:A>C-63:A>C,100019409|F|0-55:T>C-55:T>C,12604325,17257027,4652702,0.08785586275770546
Vu08,100019896|F|0-32:C>T-32:C>T,100035727|F|0-32:C>A-32:C>A,16375786,17172753,796967,0.04232507012571901
Vu08,100019896|F|0-32:C>T-32:C>T,100020644|F|0-30:T>A-30:T>A,16375786,17202857,827071,0.04152813177136595
Vu08,100019896|F|0-32:C>T-32:C>T,100019409|F|0-55:T>C-55:T>C,16375786,17257027,881241,0.042907148607097184
Vu08,100035727|F|0-32:C>A-32:C>A,100020644|F|0-30:T>A-30:T>A,17172753,17202857,30104,0.6700486383526741
Vu08,100035727|F|0-32:C>A-32:C>A,100019409|F|0-55:T>C-55:T>C,17172753,17257027,84274,0.7769704577610878
Vu08,100035727|F|0-32:C>A-32:C>A,100014346|F|0-43:T>C-43:T>C,17172753,21386181,4213428,0.020384147065811372
Vu08,100020644|F|0-30:T>A-30:T>A,100019409|F|0-55:T>C-55:T>C,17202857,17257027,54170,0.790944422143561
Vu08,100020644|F|0-30:T>A-30:T>A,100014346|F|0-43:T>C-43:T>C,17202857,21386181,4183324,0.0029034229828850807
Vu08,100019409|F|0-55:T>C-55:T>C,100014346|F|0-43:T>C-43:T>C,17257027,21386181,4129154,0.011194029850746261
Vu08,100014346|F|0-43:T>C-43:T>C,100033227|F|0-6:A>G-6:A>G,21386181,23496197,2110016,0.0
Vu08,100033227|F|0-6:A>G-6:A>G,100038543|F|0-16:T>C-16:T>C,23496197,28171940,4675743,0.0
Vu08,100038543|F|0-16:T>C-16:T>C,100016359|F|0-20:G>C-20:G>C,28171940,32438045,4266105,0.0012092623499665206
Vu08,100016359|F|0-20:G>C-20:G>C,100034740|F|0-59:T>C-59:T>C,32438045,34703845,2265800,0.013820312370501738
Vu08,100016359|F|0-20:G>C-20:G>C,100015729|F|0-42:C>A-42:C>A,32438045,34737627,2299582,0.00018727514022955162
Vu08,100016359|F|0-20:G>C-20:G>C,100017600|F|0-44:G>A-44:G>A,32438045,34751666,2313621,0.002925090458792949
Vu08,100016359|F|0-20:G>C-20:G>C,100013779|F|0-68:G>C-68:G>C,32438045,35689785,3251740,0.20603197674418594
Vu08,100016359|F|0-20:G>C-20:G>C,100018004|F|0-47:G>A-47:G>A,32438045,35769922,3331877,0.0011780795523088279
Vu08,100016359|F|0-20:G>C-20:G>C,100020726|F|0-7:G>A-7:G>A,32438045,37188871,4750826,0.002809777357786964
Vu08,100034740|F|0-59:T>C-59:T>C,100015729|F|0-42:C>A-42:C>A,34703845,34737627,33782,0.017103658836916877
Vu08,100034740|F|0-59:T>C-59:T>C,100017600|F|0-44:G>A-44:G>A,34703845,34751666,47821,0.006719524196101148
Vu08,100034740|F|0-59:T>C-59:T>C,100013779|F|0-68:G>C-68:G>C,34703845,35689785,985940,0.026612474402923445
Vu08,100034740|F|0-59:T>C-59:T>C,100018004|F|0-47:G>A-47:G>A,34703845,35769922,1066077,0.01811679788678441
Vu08,100034740|F|0-59:T>C-59:T>C,100020726|F|0-7:G>A-7:G>A,34703845,37188871,2485026,0.004541626751505001
Vu08,100015729|F|0-42:C>A-42:C>A,100017600|F|0-44:G>A-44:G>A,34737627,34751666,14039,0.001786188113944286
Vu08,100015729|F|0-42:C>A-42:C>A,100013779|F|0-68:G>C-68:G>C,34737627,35689785,952158,0.026765811094834738
Vu08,100015729|F|0-42:C>A-42:C>A,100018004|F|0-47:G>A-47:G>A,34737627,35769922,1032295,0.015111053151591704
Vu08,100015729|F|0-42:C>A-42:C>A,100020726|F|0-7:G>A-7:G>A,34737627,37188871,2451244,0.020147228370999373
Vu08,100017600|F|0-44:G>A-44:G>A,100013779|F|0-68:G>C-68:G>C,34751666,35689785,938119,0.001732364647772502
Vu08,100017600|F|0-44:G>A-44:G>A,100018004|F|0-47:G>A-47:G>A,34751666,35769922,1018256,0.0003482591396257937
Vu08,100017600|F|0-44:G>A-44:G>A,100020726|F|0-7:G>A-7:G>A,34751666,37188871,2437205,0.006110833414073441
Vu08,100013779|F|0-68:G>C-68:G>C,100018004|F|0-47:G>A-47:G>A,35689785,35769922,80137,0.1317414573898725
Vu08,100013779|F|0-68:G>C-68:G>C,100020726|F|0-7:G>A-7:G>A,35689785,37188871,1499086,0.003959577028090146
Vu08,100018004|F|0-47:G>A-47:G>A,100020726|F|0-7:G>A-7:G>A,35769922,37188871,1418949,0.001388935565992558
Vu09,100016325|F|0-60:C>T-60:C>T,100034528|F|0-51:A>G-51:A>G,1016914,1037776,20862,0.39132698785397
Vu09,100016325|F|0-60:C>T-60:C>T,100051794|F|0-60:T>C-60:T>C,1016914,3361921,2345007,0.035734571543590124
Vu09,100016325|F|0-60:C>T-60:C>T,100044261|F|0-5:T>A-5:T>A,1016914,3387810,2370896,0.01922698490695221
Vu09,100016325|F|0-60:C>T-60:C>T,100014994|F|0-36:G>A-36:G>A,1016914,3414321,2397407,0.014820557746629008
Vu09,100034528|F|0-51:A>G-51:A>G,100051794|F|0-60:T>C-60:T>C,1037776,3361921,2324145,0.00026170721034769404
Vu09,100034528|F|0-51:A>G-51:A>G,100044261|F|0-5:T>A-5:T>A,1037776,3387810,2350034,0.0011274045624021364
Vu09,100034528|F|0-51:A>G-51:A>G,100014994|F|0-36:G>A-36:G>A,1037776,3414321,2376545,0.0005327088693497448
Vu09,100051794|F|0-60:T>C-60:T>C,100044261|F|0-5:T>A-5:T>A,3361921,3387810,25889,0.387746892904926
Vu09,100051794|F|0-60:T>C-60:T>C,100014994|F|0-36:G>A-36:G>A,3361921,3414321,52400,0.5263538416552324
Vu09,100044261|F|0-5:T>A-5:T>A,100014994|F|0-36:G>A-36:G>A,3387810,3414321,26511,0.3712888841319358
Vu09,100043126|F|0-48:T>A-48:T>A,100018223|F|0-41:G>A-41:G>A,11448295,16423359,4975064,0.0454451855100499
Vu09,100018930|F|0-63:C>G-63:C>G,100018779|F|0-10:A>G-10:A>G,30816607,32879608,2063001,0.01156750324083917
Vu09,100018930|F|0-63:C>G-63:C>G,100015749|F|0-20:C>T-20:C>T,30816607,33437303,2620696,0.01362107050265173
Vu09,100018930|F|0-63:C>G-63:C>G,100045000|F|0-23:G>A-23:G>A,30816607,33438135,2621528,0.3641354958870093
Vu09,100018779|F|0-10:A>G-10:A>G,100015749|F|0-20:C>T-20:C>T,32879608,33437303,557695,0.06025855553056707
Vu09,100018779|F|0-10:A>G-10:A>G,100045000|F|0-23:G>A-23:G>A,32879608,33438135,558527,0.0002090883746863674
Vu09,100018779|F|0-10:A>G-10:A>G,100035791|F|0-16:G>A-16:G>A,32879608,36664091,3784483,0.12752275567570798
Vu09,100018779|F|0-10:A>G-10:A>G,100038393|F|0-44:G>A-44:G>A,32879608,37413218,4533610,0.12712757945473716
Vu09,100018779|F|0-10:A>G-10:A>G,100015923|F|0-54:G>A-54:G>A,32879608,37786229,4906621,0.009735550923285687
Vu09,100015749|F|0-20:C>T-20:C>T,100045000|F|0-23:G>A-23:G>A,33437303,33438135,832,0.017983815206535383
Vu09,100015749|F|0-20:C>T-20:C>T,100035791|F|0-16:G>A-16:G>A,33437303,36664091,3226788,0.04583455967264919
Vu09,100015749|F|0-20:C>T-20:C>T,100038393|F|0-44:G>A-44:G>A,33437303,37413218,3975915,0.12558886903505437
Vu09,100015749|F|0-20:C>T-20:C>T,100015923|F|0-54:G>A-54:G>A,33437303,37786229,4348926,0.0010370433261015775
Vu09,100015749|F|0-20:C>T-20:C>T,100040750|F|0-21:T>G-21:T>G,33437303,38024670,4587367,0.034283848498040934
Vu09,100015749|F|0-20:C>T-20:C>T,100020750|F|0-37:T>C-37:T>C,33437303,38249509,4812206,0.03132488751254429
Vu09,100045000|F|0-23:G>A-23:G>A,100035791|F|0-16:G>A-16:G>A,33438135,36664091,3225956,0.001726042529687934
Vu09,100045000|F|0-23:G>A-23:G>A,100038393|F|0-44:G>A-44:G>A,33438135,37413218,3975083,0.0019204699502937189
Vu09,100045000|F|0-23:G>A-23:G>A,100015923|F|0-54:G>A-54:G>A,33438135,37786229,4348094,0.0009966642258563189
Vu09,100045000|F|0-23:G>A-23:G>A,100040750|F|0-21:T>G-21:T>G,33438135,38024670,4586535,0.0003086949065340429
Vu09,100045000|F|0-23:G>A-23:G>A,100020750|F|0-37:T>C-37:T>C,33438135,38249509,4811374,5.553580948996058e-06
Vu09,100035791|F|0-16:G>A-16:G>A,100038393|F|0-44:G>A-44:G>A,36664091,37413218,749127,0.24632625925760915
Vu09,100035791|F|0-16:G>A-16:G>A,100015923|F|0-54:G>A-54:G>A,36664091,37786229,1122138,0.0002958623107942266
Vu09,100035791|F|0-16:G>A-16:G>A,100040750|F|0-21:T>G-21:T>G,36664091,38024670,1360579,0.05855284769843554
Vu09,100035791|F|0-16:G>A-16:G>A,100020750|F|0-37:T>C-37:T>C,36664091,38249509,1585418,5.429733486518172e-06
Vu09,100035791|F|0-16:G>A-16:G>A,100021278|F|0-44:C>G-44:C>G,36664091,41151722,4487631,0.0
Vu09,100038393|F|0-44:G>A-44:G>A,100015923|F|0-54:G>A-54:G>A,37413218,37786229,373011,0.02185563865977416
Vu09,100038393|F|0-44:G>A-44:G>A,100040750|F|0-21:T>G-21:T>G,37413218,38024670,611452,0.06719504017474262
Vu09,100038393|F|0-44:G>A-44:G>A,100020750|F|0-37:T>C-37:T>C,37413218,38249509,836291,0.030533833991123607
Vu09,100038393|F|0-44:G>A-44:G>A,100021278|F|0-44:C>G-44:C>G,37413218,41151722,3738504,0.0
Vu09,100038393|F|0-44:G>A-44:G>A,100019075|F|0-58:G>A-58:G>A,37413218,41940020,4526802,0.017041670563762303
Vu09,100038393|F|0-44:G>A-44:G>A,100013714|F|0-67:T>C-67:T>C,37413218,42137897,4724679,0.026254670137554992
Vu09,100015923|F|0-54:G>A-54:G>A,100040750|F|0-21:T>G-21:T>G,37786229,38024670,238441,0.018755872236268543
Vu09,100015923|F|0-54:G>A-54:G>A,100020750|F|0-37:T>C-37:T>C,37786229,38249509,463280,0.00944905312289763
Vu09,100015923|F|0-54:G>A-54:G>A,100021278|F|0-44:C>G-44:C>G,37786229,41151722,3365493,0.0
Vu09,100015923|F|0-54:G>A-54:G>A,100019075|F|0-58:G>A-58:G>A,37786229,41940020,4153791,0.07301248952308026
Vu09,100015923|F|0-54:G>A-54:G>A,100013714|F|0-67:T>C-67:T>C,37786229,42137897,4351668,0.0014399257018267633
Vu09,100015923|F|0-54:G>A-54:G>A,100017888|F|0-29:G>T-29:G>T,37786229,42671828,4885599,0.0
Vu09,100040750|F|0-21:T>G-21:T>G,100020750|F|0-37:T>C-37:T>C,38024670,38249509,224839,0.002664423559669878
Vu09,100040750|F|0-21:T>G-21:T>G,100021278|F|0-44:C>G-44:C>G,38024670,41151722,3127052,0.0
Vu09,100040750|F|0-21:T>G-21:T>G,100019075|F|0-58:G>A-58:G>A,38024670,41940020,3915350,0.040063228711505985
Vu09,100040750|F|0-21:T>G-21:T>G,100013714|F|0-67:T>C-67:T>C,38024670,42137897,4113227,0.00068055217146554
Vu09,100040750|F|0-21:T>G-21:T>G,100017888|F|0-29:G>T-29:G>T,38024670,42671828,4647158,0.0
Vu09,100020750|F|0-37:T>C-37:T>C,100021278|F|0-44:C>G-44:C>G,38249509,41151722,2902213,0.0
Vu09,100020750|F|0-37:T>C-37:T>C,100019075|F|0-58:G>A-58:G>A,38249509,41940020,3690511,0.017409977699256392
Vu09,100020750|F|0-37:T>C-37:T>C,100013714|F|0-67:T>C-67:T>C,38249509,42137897,3888388,0.01862234125913093
Vu09,100020750|F|0-37:T>C-37:T>C,100017888|F|0-29:G>T-29:G>T,38249509,42671828,4422319,0.0
Vu09,100021278|F|0-44:C>G-44:C>G,100019075|F|0-58:G>A-58:G>A,41151722,41940020,788298,0.0
Vu09,100021278|F|0-44:C>G-44:C>G,100013714|F|0-67:T>C-67:T>C,41151722,42137897,986175,0.0
Vu09,100021278|F|0-44:C>G-44:C>G,100017888|F|0-29:G>T-29:G>T,41151722,42671828,1520106,0.0
Vu09,100019075|F|0-58:G>A-58:G>A,100013714|F|0-67:T>C-67:T>C,41940020,42137897,197877,0.022146842308254342
Vu09,100019075|F|0-58:G>A-58:G>A,100017888|F|0-29:G>T-29:G>T,41940020,42671828,731808,0.0
Vu09,100013714|F|0-67:T>C-67:T>C,100017888|F|0-29:G>T-29:G>T,42137897,42671828,533931,0.0
Vu10,100020694|F|0-67:C>T-67:C>T,100040807|F|0-22:G>A-22:G>A,36275606,38975128,2699522,0.016382699868938404
Vu10,100020694|F|0-67:C>T-67:C>T,100035862|F|0-6:T>G-6:T>G,36275606,39567399,3291793,0.19033283833914877
Vu10,100020694|F|0-67:C>T-67:C>T,100034001|F|0-23:A>G-23:A>G,36275606,40225556,3949950,0.14466720904240393
Vu10,100020694|F|0-67:C>T-67:C>T,100017806|F|0-40:A>G-40:A>G,36275606,40484034,4208428,0.0008065853638165327
Vu10,100040807|F|0-22:G>A-22:G>A,100035862|F|0-6:T>G-6:T>G,38975128,39567399,592271,0.13126792147636207
Vu10,100040807|F|0-22:G>A-22:G>A,100034001|F|0-23:A>G-23:A>G,38975128,40225556,1250428,0.015589447143472109
Vu10,100040807|F|0-22:G>A-22:G>A,100017806|F|0-40:A>G-40:A>G,38975128,40484034,1508906,0.032887891793471194
Vu10,100035862|F|0-6:T>G-6:T>G,100034001|F|0-23:A>G-23:A>G,39567399,40225556,658157,0.05717490006289894
Vu10,100035862|F|0-6:T>G-6:T>G,100017806|F|0-40:A>G-40:A>G,39567399,40484034,916635,0.04473656044718888
Vu10,100034001|F|0-23:A>G-23:A>G,100017806|F|0-40:A>G-40:A>G,40225556,40484034,258478,0.02714277772244473
Vu11,100041762|F|0-5:T>C-5:T>C,100019357|F|0-62:A>C-62:A>C,27828984,27999283,170299,0.0
Vu11,100041762|F|0-5:T>C-5:T>C,100016551|F|0-65:A>C-65:A>C,27828984,32255711,4426727,0.0
Vu11,100041762|F|0-5:T>C-5:T>C,100032755|F|0-61:C>T-61:C>T,27828984,32264867,4435883,0.0
Vu11,100041762|F|0-5:T>C-5:T>C,100048771|F|0-11:G>A-11:G>A,27828984,32286941,4457957,0.0
Vu11,100019357|F|0-62:A>C-62:A>C,100016551|F|0-65:A>C-65:A>C,27999283,32255711,4256428,0.03621548340253669
Vu11,100019357|F|0-62:A>C-62:A>C,100032755|F|0-61:C>T-61:C>T,27999283,32264867,4265584,0.00495286551960281
Vu11,100019357|F|0-62:A>C-62:A>C,100048771|F|0-11:G>A-11:G>A,27999283,32286941,4287658,0.00048860650581008
Vu11,100016551|F|0-65:A>C-65:A>C,100032755|F|0-61:C>T-61:C>T,32255711,32264867,9156,0.0189328743545611
Vu11,100016551|F|0-65:A>C-65:A>C,100048771|F|0-11:G>A-11:G>A,32255711,32286941,31230,0.0029228997503843624
Vu11,100016551|F|0-65:A>C-65:A>C,100014670|F|0-19:A>G-19:A>G,32255711,34116227,1860516,0.013998380352686475
Vu11,100016551|F|0-65:A>C-65:A>C,100018671|F|0-6:A>T-6:A>T,32255711,36066452,3810741,0.012468086315198898
Vu11,100032755|F|0-61:C>T-61:C>T,100048771|F|0-11:G>A-11:G>A,32264867,32286941,22074,0.0053246123115118765
Vu11,100032755|F|0-61:C>T-61:C>T,100014670|F|0-19:A>G-19:A>G,32264867,34116227,1851360,0.0006928697404887895
Vu11,100032755|F|0-61:C>T-61:C>T,100018671|F|0-6:A>T-6:A>T,32264867,36066452,3801585,0.03538606986882851
Vu11,100048771|F|0-11:G>A-11:G>A,100014670|F|0-19:A>G-19:A>G,32286941,34116227,1829286,0.0024645148371494814
Vu11,100048771|F|0-11:G>A-11:G>A,100018671|F|0-6:A>T-6:A>T,32286941,36066452,3779511,0.06004656388634712
Vu11,100014670|F|0-19:A>G-19:A>G,100018671|F|0-6:A>T-6:A>T,34116227,36066452,1950225,0.0008420698075870504
