sample,chr,start_bp,end_bp,length_bp,length_kb,n_snps
TSs156A,Ss01,2650601,47150489,44499888,44499.888,128
TSs156A,Ss02,231358,29534297,29302939,29302.939,120
TSs156A,Ss03,3044439,102763557,99719118,99719.118,223
TSs156A,Ss04,341889,76297326,75955437,75955.437,210
TSs156A,Ss05,372103,56643132,56271029,56271.029,107
TSs156A,Ss06,732560,104942541,104209981,104209.981,113
TSs156A,Ss07,127376,64990492,64863116,64863.116,77
TSs156A,Ss08,385829,35184354,34798525,34798.525,163
TSs156A,Ss09,1708047,64886887,63178840,63178.84,122
TSs156A,Ss10,26969,18851585,18824616,18824.616,134
TSs156A,Ss11,50325,38996563,38946238,38946.238,75
TSs361,Ss01,2650601,47150489,44499888,44499.888,128
TSs361,Ss02,231358,29534297,29302939,29302.939,120
TSs361,Ss03,2529785,102763557,100233772,100233.772,224
TSs361,Ss04,341889,76297326,75955437,75955.437,210
TSs361,Ss05,372103,56643132,56271029,56271.029,107
TSs361,Ss06,732560,104942541,104209981,104209.981,113
TSs361,Ss07,127376,64990492,64863116,64863.116,77
TSs361,Ss08,6837326,35184354,28347028,28347.028,151
TSs361,Ss09,1708047,64886887,63178840,63178.84,122
TSs361,Ss10,26969,18851585,18824616,18824.616,134
TSs361,Ss11,50325,38996563,38946238,38946.238,75
TSs368,Ss02,231358,5986963,5755605,5755.605,27
TSs368,Ss03,82305261,84455956,2150695,2150.695,22
TSs368,Ss05,2168229,7290960,5122731,5122.731,24
TSs368,Ss05,54509100,56063593,1554493,1554.493,22
TSs368,Ss06,7119650,11518448,4398798,4398.798,20
TSs368,Ss10,12238563,14458674,2220111,2220.111,25
TSs368,Ss10,15977146,18278899,2301753,2301.753,29
TSs49,Ss01,3629001,17927516,14298515,14298.515,41
TSs49,Ss01,18245914,46846957,28601043,28601.043,72
TSs49,Ss03,12866507,50365825,37499318,37499.318,43
TSs49,Ss04,341889,7048858,6706969,6706.969,46
TSs49,Ss04,66571655,74645884,8074229,8074.229,75
TSs49,Ss05,2168229,7290960,5122731,5122.731,24
TSs49,Ss05,53974217,56162002,2187785,2187.785,28
TSs49,Ss06,7629648,12602506,4972858,4972.858,25
TSs49,Ss08,6837331,9229198,2391867,2391.867,27
TSs49,Ss08,20302802,21771589,1468787,1468.787,23
TSs138B,Ss01,2650601,19902376,17251775,17251.775,53
TSs138B,Ss02,21875192,29234010,7358818,7358.818,24
TSs138B,Ss03,19263240,66491647,47228407,47228.407,28
TSs138B,Ss03,73807138,78072782,4265644,4265.644,20
TSs138B,Ss03,81740105,88822378,7082273,7082.273,44
TSs138B,Ss03,96852264,102763557,5911293,5911.293,24
TSs138B,Ss04,1403611,4005038,2601427,2601.427,21
TSs138B,Ss04,7195564,67949868,60754304,60754.304,114
TSs138B,Ss05,967589,54845177,53877588,53877.588,83
TSs138B,Ss06,6039789,14247018,8207229,8207.229,40
TSs138B,Ss06,15740532,104942541,89202009,89202.009,27
TSs138B,Ss07,217293,2304248,2086955,2086.955,26
TSs138B,Ss07,2348981,42008443,39659462,39659.462,40
TSs138B,Ss08,8883773,27767918,18884145,18884.145,100
TSs138B,Ss08,28572869,34679154,6106285,6106.285,21
TSs138B,Ss09,1708047,12605038,10896991,10896.991,31
TSs138B,Ss09,14873218,56110897,41237679,41237.679,41
TSs138B,Ss10,12849798,18851585,6001787,6001.787,82
TSs22B,Ss03,78193079,84388488,6195409,6195.409,38
TSs22B,Ss05,1433077,20353406,18920329,18920.329,44
TSs22B,Ss07,399735,4410868,4011133,4011.133,24
TSs22B,Ss09,1708047,11900381,10192334,10192.334,26
TSs22B,Ss09,12605038,43250010,30644972,30644.972,22
TSs22B,Ss09,58719431,63306572,4587141,4587.141,29
TSs22B,Ss10,15351778,16662610,1310832,1310.832,27
TSs287,Ss03,81740105,84630609,2890504,2890.504,33
TSs383,Ss03,81740105,83284949,1544844,1544.844,20
TSs383,Ss08,12952520,19316899,6364379,6364.379,30
TSs383,Ss09,62444541,64886887,2442346,2442.346,21
TSs314A,Ss08,19389146,20928025,1538879,1538.879,20
TSs314A,Ss10,9597839,13731316,4133477,4133.477,24
TSs30,Ss03,72779325,76205401,3426076,3426.076,22
TSs291,Ss01,2650601,9540230,6889629,6889.629,22
TSs291,Ss02,10114762,11842735,1727973,1727.973,24
TSs291,Ss04,16420191,59257910,42837719,42837.719,28
TSs291,Ss04,65556647,67063423,1506776,1506.776,25
TSs291,Ss06,14439818,42516334,28076516,28076.516,24
TSs291,Ss08,15868330,19316899,3448569,3448.569,20
TSs291,Ss08,19445081,21771589,2326508,2326.508,25
TSs291,Ss10,11582180,14160112,2577932,2577.932,22
TSs291,Ss10,14593733,15977146,1383413,1383.413,30
TSs291,Ss11,50325,24356568,24306243,24306.243,20
TSs157A,Ss01,2650601,31197415,28546814,28546.814,65
TSs157A,Ss01,34723473,47150489,12427016,12427.016,49
TSs157A,Ss02,231358,29534297,29302939,29302.939,120
TSs157A,Ss03,2529785,102763557,100233772,100233.772,224
TSs157A,Ss04,341889,5005812,4663923,4663.923,43
TSs157A,Ss04,59575618,76297326,16721708,16721.708,130
TSs157A,Ss05,3821071,39250143,35429072,35429.072,43
TSs157A,Ss05,54826699,56063593,1236894,1236.894,20
TSs157A,Ss06,732560,19313746,18581186,18581.186,98
TSs157A,Ss07,127376,2348981,2221605,2221.605,35
TSs157A,Ss07,2437135,64990492,62553357,62553.357,41
TSs157A,Ss08,5957739,35184354,29226615,29226.615,153
TSs157A,Ss09,13580202,62466983,48886781,48886.781,72
TSs157A,Ss10,26969,18851585,18824616,18824.616,134
TSs157A,Ss11,50325,38996563,38946238,38946.238,75
TSs27,Ss03,19263240,65650214,46386974,46386.974,26
TSs27,Ss03,80366199,84212380,3846181,3846.181,29
TSs27,Ss04,11995453,55224182,43228729,43228.729,21
TSs27,Ss05,8668350,51375003,42706653,42706.653,25
TSs27,Ss09,7407875,42850408,35442533,35442.533,33
TSs363,Ss01,2650601,47150489,44499888,44499.888,128
TSs363,Ss02,231358,29534297,29302939,29302.939,120
TSs363,Ss03,2529785,102763557,100233772,100233.772,224
TSs363,Ss04,341889,76297326,75955437,75955.437,210
TSs363,Ss05,372103,56643132,56271029,56271.029,107
TSs363,Ss06,732560,104942541,104209981,104209.981,113
TSs363,Ss07,127376,43771333,43643957,43643.957,75
TSs363,Ss08,6837326,35184354,28347028,28347.028,151
TSs363,Ss09,1708047,64886887,63178840,63178.84,122
TSs363,Ss10,26969,18851585,18824616,18824.616,134
TSs363,Ss11,12211612,38996563,26784951,26784.951,60
TSs9,Ss03,16467666,19548290,3080624,3080.624,20
TSs9,Ss03,82305261,84630609,2325348,2325.348,27
TSs9,Ss04,67603590,71550152,3946562,3946.562,35
TSs9,Ss06,7067913,18453830,11385917,11385.917,56
TSs9,Ss08,14543161,19028590,4485429,4485.429,20
TSs9,Ss09,1708047,12114192,10406145,10406.145,27
TSs9,Ss09,12605038,43250010,30644972,30644.972,22
TSs9,Ss10,13421247,14656014,1234767,1234.767,25
TSs151B,Ss01,2650601,31539538,28888937,28888.937,67
TSs151B,Ss01,32467328,47150489,14683161,14683.161,56
TSs151B,Ss02,231358,29534297,29302939,29302.939,120
TSs151B,Ss03,2529785,102763557,100233772,100233.772,224
TSs151B,Ss04,341889,76297326,75955437,75955.437,210
TSs151B,Ss05,372103,56063593,55691490,55691.49,101
TSs151B,Ss06,732560,104942541,104209981,104209.981,113
TSs151B,Ss07,127376,64990492,64863116,64863.116,77
TSs151B,Ss08,6837326,35184354,28347028,28347.028,151
TSs151B,Ss09,1708047,64886887,63178840,63178.84,122
TSs151B,Ss10,26969,18851585,18824616,18824.616,134
TSs151B,Ss11,50325,38996563,38946238,38946.238,75
TSs133,Ss01,2650601,47150489,44499888,44499.888,128
TSs133,Ss02,231358,10412808,10181450,10181.45,58
TSs133,Ss02,10458959,29534297,19075338,19075.338,61
TSs133,Ss03,2529785,102763557,100233772,100233.772,224
TSs133,Ss04,341889,76297326,75955437,75955.437,210
TSs133,Ss05,372103,56643132,56271029,56271.029,107
TSs133,Ss06,732560,104942541,104209981,104209.981,113
TSs133,Ss07,127376,64990492,64863116,64863.116,77
TSs133,Ss08,5957744,16466723,10508979,10508.979,72
TSs133,Ss08,16551426,35184354,18632928,18632.928,79
TSs133,Ss09,1708047,64886887,63178840,63178.84,122
TSs133,Ss10,26969,16987827,16960858,16960.858,122
TSs133,Ss11,50325,38996563,38946238,38946.238,75
TSs155,Ss01,2650601,8748310,6097709,6097.709,21
TSs155,Ss01,34725490,47150489,12424999,12424.999,46
TSs155,Ss02,4236177,23091996,18855819,18855.819,76
TSs155,Ss03,2529785,19540516,17010731,17010.731,62
TSs155,Ss03,82458740,96443101,13984361,13984.361,61
TSs155,Ss04,341889,73486832,73144943,73144.943,199
TSs155,Ss05,372103,56643132,56271029,56271.029,107
TSs155,Ss06,732560,5830078,5097518,5097.518,30
TSs155,Ss06,14451909,104942541,90490632,90490.632,31
TSs155,Ss07,399483,64990492,64591009,64591.009,58
TSs155,Ss08,5957744,20302802,14345058,14345.058,92
TSs155,Ss09,1708047,64886887,63178840,63178.84,122
TSs155,Ss10,14593733,18851585,4257852,4257.852,60
TSs155,Ss11,36129807,38996563,2866756,2866.756,22
TSs209,Ss02,11842735,19953654,8110919,8110.919,21
TSs209,Ss05,1433077,7290960,5857883,5857.883,25
TSs209,Ss06,732560,6039789,5307229,5307.229,36
TSs209,Ss07,318755,4410868,4092113,4092.113,32
TSs209,Ss08,385829,8462649,8076820,8076.82,27
TSs209,Ss08,20703499,22012492,1308993,1308.993,22
TSs209,Ss09,56110902,62326715,6215813,6215.813,21
TSs209,Ss10,5191352,9956473,4765121,4765.121,20
TSs136,Ss02,9693574,15978456,6284882,6284.882,46
TSs136,Ss02,20756563,29534297,8777734,8777.734,27
TSs136,Ss03,79656034,86492107,6836073,6836.073,46
TSs136,Ss04,58245125,64342411,6097286,6097.286,32
TSs136,Ss05,3896262,8512590,4616328,4616.328,22
TSs136,Ss05,9404333,51902160,42497827,42497.827,26
TSs136,Ss06,5816152,11801660,5985508,5985.508,37
TSs136,Ss08,12953586,19028590,6075004,6075.004,26
TSs136,Ss09,1708047,48965503,47257456,47257.456,67
TSs136,Ss11,25635537,35402436,9766899,9766.899,27
TSs22A,Ss01,42699263,47016484,4317221,4317.221,20
TSs22A,Ss02,9750893,14299715,4548822,4548.822,40
TSs22A,Ss03,18954772,34573834,15619062,15619.062,22
TSs22A,Ss04,1194520,51939326,50744806,50744.806,50
TSs22A,Ss04,53899829,65879837,11980008,11980.008,49
TSs22A,Ss06,732560,4113871,3381311,3381.311,22
TSs22A,Ss06,6151859,10795730,4643871,4643.871,24
TSs22A,Ss07,308687,2304248,1995561,1995.561,22
TSs22A,Ss08,3385412,33741036,30355624,30355.624,150
TSs22A,Ss10,15819325,16971407,1152082,1152.082,26
TSs22A,Ss11,15872467,33070336,17197869,17197.869,26
TSs357,Ss01,2650601,10262280,7611679,7611.679,25
TSs357,Ss04,60538137,65143373,4605236,4605.236,27
TSs357,Ss06,4113871,11518448,7404577,7404.577,41
TSs357,Ss08,19225191,30928225,11703034,11703.034,46
TSs357,Ss10,4298934,9956473,5657539,5657.539,24
TSs357,Ss10,12849798,14928961,2079163,2079.163,31
TSs357,Ss10,15351778,18851585,3499807,3499.807,47
TSs161,Ss08,19316899,21771589,2454690,2454.69,27
TSs161,Ss09,61670176,64886887,3216711,3216.711,27
TSs161,Ss10,14928961,16381041,1452080,1452.08,29
TSs11,Ss02,10114762,11692343,1577581,1577.581,22
TSs11,Ss03,82305261,84455956,2150695,2150.695,22
TSs11,Ss08,14543161,19445081,4901920,4901.92,24
TSs11,Ss10,11013852,14080553,3066701,3066.701,22
TSs5A,Ss03,81896193,84212380,2316187,2316.187,21
TSs5A,Ss06,7119650,11801660,4682010,4682.01,23
TSs5A,Ss07,384667,8877660,8492993,8492.993,50
TSs5A,Ss08,8462649,11517150,3054501,3054.501,23
TSs5A,Ss08,13049338,21771589,8722251,8722.251,50
TSs5A,Ss09,1708047,22147758,20439711,20439.711,47
TSs5A,Ss10,4298934,11013852,6714918,6714.918,26
TSs5A,Ss11,3627910,28228664,24600754,24600.754,21
TSs5A,Ss11,33634526,38996563,5362037,5362.037,31
TSs131,Ss03,67492174,77404463,9912289,9912.289,26
TSs131,Ss04,71636399,75230156,3593757,3593.757,23
TSs131,Ss05,1433077,8519209,7086132,7086.132,31
TSs131,Ss05,54700364,56063593,1363229,1363.229,21
TSs131,Ss06,7677287,12329070,4651783,4651.783,23
TSs131,Ss08,6837326,9345253,2507927,2507.927,29
TSs131,Ss10,15124860,16662610,1537750,1537.75,31
TSs378,Ss03,80882713,83642661,2759948,2759.948,24
TSs336,Ss01,34724344,42744717,8020373,8020.373,28
TSs336,Ss02,6558384,10088823,3530439,3530.439,20
TSs336,Ss04,60538137,64483829,3945692,3945.692,22
TSs336,Ss05,1433077,7290960,5857883,5857.883,25
TSs336,Ss06,8942147,31926904,22984757,22984.757,53
TSs336,Ss07,2760698,8570732,5810034,5810.034,25
TSs336,Ss08,19316899,20928025,1611126,1611.126,21
TSs336,Ss09,11900381,26973588,15073207,15073.207,23
TSs336,Ss11,5671831,28228664,22556833,22556.833,20
TSs111,Ss01,3299966,26458664,23158698,23158.698,52
TSs111,Ss01,27247323,39838084,12590761,12590.761,35
TSs111,Ss02,10228760,12532647,2303887,2303.887,31
TSs111,Ss03,16467666,23121189,6653523,6653.523,24
TSs111,Ss03,84845982,102763557,17917575,17917.575,61
TSs111,Ss04,7963762,58237946,50274184,50274.184,27
TSs111,Ss04,65556647,67740671,2184024,2184.024,43
TSs111,Ss05,967589,7290960,6323371,6323.371,27
TSs111,Ss06,8498554,12603682,4105128,4105.128,23
TSs111,Ss07,395268,2968804,2573536,2573.536,25
TSs111,Ss09,14873218,46097676,31224458,31224.458,22
TSs111,Ss09,56110902,62905182,6794280,6794.28,33
TSs111,Ss11,50325,24356568,24306243,24306.243,20
TSs56,Ss03,72779325,77404463,4625138,4625.138,23
TSs56,Ss03,86492107,102763557,16271450,16271.45,59
TSs56,Ss04,2109405,65879837,63770432,63770.432,91
TSs56,Ss04,71968370,76297326,4328956,4328.956,26
TSs56,Ss05,9404333,52436387,43032054,43032.054,29
TSs56,Ss06,1837814,5865458,4027644,4027.644,29
TSs56,Ss07,2322887,6552228,4229341,4229.341,20
TSs56,Ss08,385829,10026083,9640254,9640.254,44
TSs56,Ss08,12953586,17983401,5029815,5029.815,23
TSs56,Ss08,20928025,28639031,7711006,7711.006,24
TSs56,Ss09,61640208,64886887,3246679,3246.679,30
TSs56,Ss11,50325,38996563,38946238,38946.238,75
TSs3A,Ss02,6558384,10458954,3900570,3900.57,30
TSs3A,Ss02,10578743,14299715,3720972,3720.972,20
TSs3A,Ss03,18954772,59068423,40113651,40113.651,29
TSs3A,Ss03,82305261,84455956,2150695,2150.695,22
TSs3A,Ss04,56023381,64569637,8546256,8546.256,39
TSs3A,Ss05,1195807,7290960,6095153,6095.153,26
TSs3A,Ss05,54032822,55692994,1660172,1660.172,23
TSs3A,Ss06,732560,5816152,5083592,5083.592,29
TSs3A,Ss08,20636789,21871027,1234238,1234.238,24
TSs3A,Ss10,5191352,9956473,4765121,4765.121,20
TSs3A,Ss10,13718785,14658473,939688,939.688,20
TSs3A,Ss10,16177456,18278899,2101443,2101.443,28
TSs95,Ss02,11560724,15978456,4417732,4417.732,20
TSs95,Ss02,17301339,24649661,7348322,7348.322,20
TSs95,Ss03,81896193,84528272,2632079,2632.079,27
TSs95,Ss04,341889,5097567,4755678,4755.678,44
TSs95,Ss04,66397026,71378052,4981026,4981.026,55
TSs95,Ss06,2864381,14247018,11382637,11382.637,65
TSs95,Ss06,16087033,104942541,88855508,88855.508,23
TSs95,Ss07,2481166,64990492,62509326,62509.326,39
TSs95,Ss08,20700659,24818721,4118062,4118.062,25
TSs95,Ss08,28384841,34558171,6173330,6173.33,21
TSs95,Ss09,1708047,15259541,13551494,13551.494,44
TSs2,Ss01,18245914,36149336,17903422,17903.422,39
TSs2,Ss01,41159220,47150489,5991269,5991.269,26
TSs2,Ss02,231358,8607211,8375853,8375.853,33
TSs2,Ss02,9843694,14299715,4456021,4456.021,37
TSs2,Ss02,23418245,29534297,6116052,6116.052,23
TSs2,Ss03,73807138,84388488,10581350,10581.35,59
TSs2,Ss04,16420191,66571655,50151464,50151.464,76
TSs2,Ss04,67740671,76297326,8556655,8556.655,56
TSs2,Ss05,3896262,8512590,4616328,4616.328,23
TSs2,Ss06,1711226,5662370,3951144,3951.144,24
TSs2,Ss06,7629648,12721737,5092089,5092.089,27
TSs2,Ss07,6915952,64990492,58074540,58074.54,23
TSs2,Ss08,6837326,12919841,6082515,6082.515,54
TSs2,Ss08,12951537,20302802,7351265,7351.265,36
TSs2,Ss08,20636789,21771589,1134800,1134.8,21
TSs2,Ss10,16177456,18851585,2674129,2674.129,30
TSs2,Ss11,50325,36129807,36079482,36079.482,54
TSs44C,Ss01,34723473,41027371,6303898,6303.898,21
TSs44C,Ss01,41159220,47016484,5857264,5857.264,24
TSs44C,Ss03,81740105,88392648,6652543,6652.543,43
TSs44C,Ss04,50818795,63429500,12610705,12610.705,31
TSs44C,Ss04,70036370,76297326,6260956,6260.956,38
TSs44C,Ss05,1433077,54091087,52658010,52658.01,72
TSs44C,Ss05,54700364,56643132,1942768,1942.768,27
TSs44C,Ss07,395268,4632943,4237675,4237.675,27
TSs44C,Ss10,26969,6588263,6561294,6561.294,29
TSs201,Ss02,10088823,14299715,4210892,4210.892,34
TSs201,Ss07,881171,2968804,2087633,2087.633,20
TSs217,Ss01,2650601,17927516,15276915,15276.915,45
TSs217,Ss01,33239334,41864679,8625345,8625.345,31
TSs217,Ss02,1936955,9411960,7475005,7475.005,26
TSs217,Ss02,9792699,20756563,10963864,10963.864,50
TSs217,Ss03,2529785,19082622,16552837,16552.837,49
TSs217,Ss03,82739920,102763557,20023637,20023.637,80
TSs217,Ss04,1583611,63111987,61528376,61528.376,69
TSs217,Ss04,63429500,65556647,2127147,2127.147,20
TSs217,Ss04,67900658,76297326,8396668,8396.668,52
TSs217,Ss05,967589,56643132,55675543,55675.543,104
TSs217,Ss06,3334236,7119650,3785414,3785.414,28
TSs217,Ss07,127376,35912066,35784690,35784.69,73
TSs217,Ss08,385829,35184354,34798525,34798.525,163
TSs217,Ss09,14087087,56110902,42023815,42023.815,45
TSs217,Ss10,26969,12238563,12211594,12211.594,48
TSs217,Ss10,14928961,16662610,1733649,1733.649,32
TSs168,Ss01,3299966,26458664,23158698,23158.698,52
TSs168,Ss01,33239334,46975334,13736000,13736.0,50
TSs168,Ss02,6508692,29534297,23025605,23025.605,92
TSs168,Ss03,2529785,92725411,90195626,90195.626,183
TSs168,Ss04,341889,7195564,6853675,6853.675,47
TSs168,Ss04,58438592,65682121,7243529,7243.529,39
TSs168,Ss05,372103,56643132,56271029,56271.029,107
TSs168,Ss06,732560,12602506,11869946,11869.946,69
TSs168,Ss07,351680,64990492,64638812,64638.812,63
TSs168,Ss08,385829,11910791,11524962,11524.962,50
TSs168,Ss08,19028590,35158613,16130023,16130.023,66
TSs168,Ss09,5891468,64886887,58995419,58995.419,112
TSs168,Ss10,26969,12238563,12211594,12211.594,48
TSs168,Ss10,14928961,16177456,1248495,1248.495,23
TSs168,Ss10,16581877,18851585,2269708,2269.708,22
TSs168,Ss11,50325,38996563,38946238,38946.238,75
TSs98,Ss05,54826699,56063593,1236894,1236.894,20
TSs116,Ss01,2650601,11098034,8447433,8447.433,28
TSs116,Ss01,12523186,36576268,24053082,24053.082,57
TSs116,Ss01,39838084,44989593,5151509,5151.509,24
TSs116,Ss02,231358,29534297,29302939,29302.939,120
TSs116,Ss03,2529785,102763557,100233772,100233.772,224
TSs116,Ss04,341889,76297326,75955437,75955.437,210
TSs116,Ss05,372103,10072767,9700664,9700.664,41
TSs116,Ss05,50268261,54032822,3764561,3764.561,20
TSs116,Ss05,54093158,56643132,2549974,2549.974,29
TSs116,Ss06,732560,24413653,23681093,23681.093,100
TSs116,Ss07,2465867,64990492,62524625,62524.625,40
TSs116,Ss08,385829,35184354,34798525,34798.525,163
TSs116,Ss09,1708047,13580202,11872155,11872.155,34
TSs116,Ss09,53523372,64886887,11363515,11363.515,49
TSs116,Ss10,26969,18851585,18824616,18824.616,134
TSs116,Ss11,50325,38996563,38946238,38946.238,75
TSs53,Ss05,5177140,8512590,3335450,3335.45,20
TSs53,Ss10,15351778,16769146,1417368,1417.368,28
TSs158,Ss02,23418245,29534297,6116052,6116.052,23
TSs158,Ss03,74578086,78458001,3879915,3879.915,21
TSs158,Ss03,80882713,83284949,2402236,2402.236,22
TSs158,Ss04,53899829,64483829,10584000,10584.0,41
TSs158,Ss06,13673462,18153513,4480051,4480.051,23
TSs158,Ss09,7192316,14568764,7376448,7376.448,21
TSs158,Ss11,1330202,27893794,26563592,26563.592,22
TSs269,Ss01,37090975,44989593,7898618,7898.618,27
TSs269,Ss03,3044439,13139425,10094986,10094.986,31
TSs269,Ss03,80607185,84910402,4303217,4303.217,42
TSs269,Ss04,16420191,64483829,48063638,48063.638,56
TSs269,Ss05,372103,6316872,5944769,5944.769,21
TSs269,Ss06,7067913,12329070,5261157,5261.157,27
TSs269,Ss07,2437135,30665404,28228269,28228.269,35
TSs269,Ss08,20703499,22012492,1308993,1308.993,22
TSs269,Ss08,28572869,35184354,6611485,6611.485,23
TSs269,Ss09,3667920,26973588,23305668,23305.668,44
TSs269,Ss09,45555246,64886887,19331641,19331.641,67
TSs269,Ss10,11013852,18851585,7837733,7837.733,92
TSs269,Ss11,15610976,31974051,16363075,16363.075,20
TSs269,Ss11,36258373,38996563,2738190,2738.19,21
TSs317,Ss04,58446444,65061776,6615332,6615.332,35
TSs317,Ss06,732560,4212098,3479538,3479.538,23
TSs317,Ss06,5662370,8498554,2836184,2836.184,24
TSs317,Ss08,19316899,21771589,2454690,2454.69,27
TSs317,Ss09,61641384,63665304,2023920,2023.92,22
TSs317,Ss11,33053982,38914509,5860527,5860.527,32
TSs49A,Ss01,41002080,45844613,4842533,4842.533,20
TSs49A,Ss02,10294912,12391831,2096919,2096.919,25
TSs49A,Ss03,72779325,78087147,5307822,5307.822,26
TSs49A,Ss03,83284949,86492107,3207158,3207.158,20
TSs49A,Ss03,94318445,97368582,3050137,3050.137,21
TSs49A,Ss04,1403611,4005038,2601427,2601.427,21
TSs49A,Ss04,60162937,64569637,4406700,4406.7,27
TSs49A,Ss04,69932637,72709248,2776611,2776.611,21
TSs49A,Ss05,51051029,56553654,5502625,5502.625,46
TSs49A,Ss06,7119650,14247018,7127368,7127.368,33
TSs49A,Ss07,384672,2968804,2584132,2584.132,26
TSs49A,Ss08,19389146,26109631,6720485,6720.485,34
TSs49A,Ss10,7879011,14409032,6530021,6530.021,37
TSs417,Ss03,81622453,83623322,2000869,2000.869,22
TSs417,Ss07,399483,4712047,4312564,4312.564,27
TSs417,Ss10,15351778,16381041,1029263,1029.263,24
TSs195,Ss01,17927516,30836975,12909459,12909.459,20
TSs195,Ss01,31200593,36576268,5375675,5375.675,23
TSs195,Ss02,15978456,24316281,8337825,8337.825,20
TSs195,Ss03,12335045,19332363,6997318,6997.318,34
TSs195,Ss03,19540516,65650214,46109698,46109.698,20
TSs195,Ss03,79656034,92583993,12927959,12927.959,62
TSs195,Ss04,5005812,42215848,37210036,37210.036,20
TSs195,Ss04,50818795,64615003,13796208,13796.208,46
TSs195,Ss04,65556647,68552080,2995433,2995.433,49
TSs195,Ss07,355298,2348981,1993683,1993.683,20
TSs195,Ss08,20478787,21054606,575819,575.819,20
TSs195,Ss09,12605038,42850408,30245370,30245.37,21
TSs195,Ss10,4560526,9956473,5395947,5395.947,23
TSs371,Ss03,72872266,78072782,5200516,5200.516,23
TSs371,Ss06,8942147,13673462,4731315,4731.315,24
TSs371,Ss07,127376,2175352,2047976,2047.976,26
TSs371,Ss08,9229198,12997499,3768301,3768.301,34
TSs371,Ss08,13192519,19790912,6598393,6598.393,26
TSs371,Ss08,20478787,30928225,10449438,10449.438,40
TSs371,Ss09,2508303,12114192,9605889,9605.889,26
TSs51,Ss03,80607185,82771990,2164805,2164.805,23
TSs59B,Ss02,23923792,29534297,5610505,5610.505,22
TSs59B,Ss03,16467666,50365825,33898159,33898.159,29
TSs59B,Ss03,81622453,82771990,1149537,1149.537,20
TSs59B,Ss05,5177140,11119536,5942396,5942.396,31
TSs59B,Ss10,13421247,14656009,1234762,1234.762,24
TSs59B,Ss10,15351778,16662610,1310832,1310.832,27
TSs365,Ss01,2650601,47150489,44499888,44499.888,128
TSs365,Ss02,231358,29534297,29302939,29302.939,120
TSs365,Ss03,2529785,97678272,95148487,95148.487,210
TSs365,Ss04,341889,76297326,75955437,75955.437,210
TSs365,Ss05,372103,56643132,56271029,56271.029,107
TSs365,Ss06,732560,104942541,104209981,104209.981,113
TSs365,Ss07,127376,64990492,64863116,64863.116,77
TSs365,Ss08,6837326,35184354,28347028,28347.028,151
TSs365,Ss09,1708047,64886887,63178840,63178.84,122
TSs365,Ss10,26969,18851585,18824616,18824.616,134
TSs365,Ss11,15610976,38996563,23385587,23385.587,59
TSs224,Ss04,61006053,64615003,3608950,3608.95,23
TSs224,Ss06,17131021,104942541,87811520,87811.52,22
TSs224,Ss07,457327,6552228,6094901,6094.901,30
TSs224,Ss08,19389146,20928025,1538879,1538.879,20
TSs224,Ss10,5191352,11013852,5822500,5822.5,22
TSs119A,Ss05,1433077,10925160,9492083,9492.083,37
TSs166,Ss01,2650601,19574145,16923544,16923.544,52
TSs166,Ss01,27451898,47150489,19698591,19698.591,68
TSs166,Ss02,231358,29534297,29302939,29302.939,120
TSs166,Ss03,11899374,101321403,89422029,89422.029,198
TSs166,Ss04,341889,76297326,75955437,75955.437,210
TSs166,Ss05,372103,56643132,56271029,56271.029,107
TSs166,Ss06,732560,15641374,14908814,14908.814,86
TSs166,Ss07,2234010,64990492,62756482,62756.482,51
TSs166,Ss08,385829,12781650,12395821,12395.821,63
TSs166,Ss08,12951537,16687555,3736018,3736.018,20
TSs166,Ss08,20703499,35184354,14480855,14480.855,56
TSs166,Ss09,1708047,64886887,63178840,63178.84,122
TSs166,Ss10,26969,18851585,18824616,18824.616,134
TSs166,Ss11,24356568,38996563,14639995,14639.995,57
TSs297,Ss01,2650601,17927516,15276915,15276.915,45
TSs297,Ss01,18245914,47150489,28904575,28904.575,80
TSs297,Ss02,231358,29534297,29302939,29302.939,120
TSs297,Ss03,2529785,102763557,100233772,100233.772,224
TSs297,Ss04,341889,66024906,65683017,65683.017,117
TSs297,Ss04,71550152,76297326,4747174,4747.174,28
TSs297,Ss05,372103,56643132,56271029,56271.029,107
TSs297,Ss06,732560,104942541,104209981,104209.981,113
TSs297,Ss07,127376,8877660,8750284,8750.284,66
TSs297,Ss08,5957744,35184354,29226610,29226.61,152
TSs297,Ss09,1708047,64886887,63178840,63178.84,122
TSs297,Ss10,26969,18851585,18824616,18824.616,134
TSs297,Ss11,50325,38996563,38946238,38946.238,75
TSs338,Ss01,40800799,46654939,5854140,5854.14,26
TSs338,Ss02,6508692,10114762,3606070,3606.07,22
TSs338,Ss03,78458001,83284949,4826948,4826.948,29
TSs338,Ss05,372103,6316872,5944769,5944.769,21
TSs338,Ss05,10925160,52436387,41511227,41511.227,26
TSs338,Ss08,30959890,35184354,4224464,4224.464,20
TSs338,Ss11,36976759,38996563,2019804,2019.804,20
TSs293,Ss02,9463453,12532647,3069194,3069.194,44
TSs293,Ss03,80366199,82739920,2373721,2373.721,23
TSs293,Ss04,66571655,71378052,4806397,4806.397,53
TSs293,Ss05,48368584,53974217,5605633,5605.633,22
TSs293,Ss07,399735,64990492,64590757,64590.757,57
TSs293,Ss08,6837326,8797618,1960292,1960.292,23
TSs293,Ss11,50325,30261516,30211191,30211.191,34
TSs24,Ss01,2650601,18451325,15800724,15800.724,50
TSs24,Ss02,231358,24649661,24418303,24418.303,108
TSs24,Ss03,13143111,102763557,89620446,89620.446,192
TSs24,Ss04,53924211,70639268,16715057,16715.057,108
TSs24,Ss05,4290036,8668350,4378314,4378.314,26
TSs24,Ss05,53452109,56643132,3191023,3191.023,35
TSs24,Ss06,732560,3493968,2761408,2761.408,20
TSs24,Ss06,6048479,14247018,8198539,8198.539,39
TSs24,Ss06,14413889,104942541,90528652,90528.652,36
TSs24,Ss07,2437135,64990492,62553357,62553.357,41
TSs24,Ss08,385829,8512648,8126819,8126.819,30
TSs24,Ss08,21871027,35184354,13313327,13313.327,36
TSs24,Ss09,12317967,64886887,52568920,52568.92,93
TSs24,Ss10,26969,18851585,18824616,18824.616,134
TSs24,Ss11,33634526,38996563,5362037,5362.037,31
TSs334,Ss03,81622453,83642661,2020208,2020.208,23
TSs334,Ss05,10925160,51807556,40882396,40882.396,22
TSs1A,Ss01,41864679,47016484,5151805,5151.805,21
TSs1A,Ss02,231358,4909653,4678295,4678.295,25
TSs1A,Ss04,57647531,63275751,5628220,5628.22,21
TSs1A,Ss05,3947193,10925160,6977967,6977.967,32
TSs1A,Ss08,28572869,35184354,6611485,6611.485,23
TSs1A,Ss09,61640208,64720414,3080206,3080.206,29
TSs1A,Ss10,16177456,18851585,2674129,2674.129,30
TSs1A,Ss11,50325,28614182,28563857,28563.857,28
TSs266,Ss03,17230132,23823070,6592938,6592.938,22
TSs266,Ss03,80712948,82771990,2059042,2059.042,22
TSs266,Ss03,94625291,100075533,5450242,5450.242,28
TSs266,Ss04,57112165,66775381,9663216,9663.216,59
TSs277,Ss01,2650601,18675661,16025060,16025.06,51
TSs277,Ss02,14322471,29534297,15211826,15211.826,37
TSs277,Ss03,2529785,19370710,16840925,16840.925,61
TSs277,Ss03,67333582,83642661,16309079,16309.079,66
TSs277,Ss04,341889,76297326,75955437,75955.437,210
TSs277,Ss05,967589,51807556,50839967,50839.967,60
TSs277,Ss06,1731128,7067913,5336785,5336.785,40
TSs277,Ss06,7212400,104942541,97730141,97730.141,70
TSs277,Ss07,7052774,64990492,57937718,57937.718,22
TSs277,Ss08,13049338,27767918,14718580,14718.58,60
TSs277,Ss09,1708047,12114192,10406145,10406.145,27
TSs277,Ss09,62444546,64886887,2442341,2442.341,20
TSs277,Ss10,15225158,18851585,3626427,3626.427,50
TSs277,Ss11,50325,38896484,38846159,38846.159,70
TSs60B,Ss03,81843892,84282131,2438239,2438.239,24
TSs60B,Ss05,6122293,9728385,3606092,3606.092,23
TSs60B,Ss08,6837326,9724071,2886745,2886.745,30
TSs60B,Ss09,13580202,43529057,29948855,29948.855,20
TSs303,Ss01,2650601,41233248,38582647,38582.647,104
TSs303,Ss02,1641479,24243139,22601660,22601.66,96
TSs303,Ss03,2529785,17172374,14642589,14642.589,46
TSs303,Ss03,67505292,87369674,19864382,19864.382,81
TSs303,Ss03,96383945,102729719,6345774,6345.774,27
TSs303,Ss04,1194520,4005038,2810518,2810.518,23
TSs303,Ss04,39101518,65682121,26580603,26580.603,54
TSs303,Ss04,66347834,76297326,9949492,9949.492,87
TSs303,Ss05,372103,8519209,8147106,8147.106,36
TSs303,Ss06,1731128,5865458,4134330,4134.33,30
TSs303,Ss06,6039789,14263918,8224129,8224.129,41
TSs303,Ss08,20703499,34424286,13720787,13720.787,51
TSs303,Ss09,7824887,64043609,56218722,56218.722,98
TSs303,Ss11,50325,28908034,28857709,28857.709,31
TSs303,Ss11,34052241,38996563,4944322,4944.322,29
TSs120,Ss06,2436142,5670479,3234337,3234.337,22
TSs132,Ss02,231358,5986963,5755605,5755.605,27
TSs132,Ss02,14321794,24316281,9994487,9994.487,24
TSs132,Ss06,1837814,4212098,2374284,2374.284,20
TSs132,Ss07,4712047,8570732,3858685,3858.685,20
TSs132,Ss09,2821796,8685335,5863539,5863.539,21
TSs132,Ss09,12317967,43250010,30932043,30932.043,23
TSs78,Ss01,34723473,46654939,11931466,11931.466,40
TSs78,Ss02,3406134,10077663,6671529,6671.529,33
TSs78,Ss03,19161722,74797920,55636198,55636.198,48
TSs78,Ss03,97342468,102763557,5421089,5421.089,22
TSs78,Ss04,341889,55224182,54882293,54882.293,69
TSs78,Ss04,63000911,76297326,13296415,13296.415,121
TSs78,Ss05,6770635,51051029,44280394,44280.394,32
TSs78,Ss06,732560,9601203,8868643,8868.643,57
TSs78,Ss06,17131021,104942541,87811520,87811.52,22
TSs78,Ss08,8666695,12482772,3816077,3816.077,25
TSs78,Ss08,18336190,21771589,3435399,3435.399,30
TSs78,Ss08,22457188,34424286,11967098,11967.098,29
TSs78,Ss09,10932163,42850086,31917923,31917.923,25
TSs78,Ss10,26969,7170197,7143228,7143.228,32
TSs78,Ss10,14928961,16769146,1840185,1840.185,33
TSs78,Ss11,50325,28228664,28178339,28178.339,26
TSs78,Ss11,33634526,38996563,5362037,5362.037,31
TSs61,Ss01,16226345,30836975,14610630,14610.63,27
TSs61,Ss04,66024906,67321877,1296971,1296.971,26
TSs61,Ss06,14437938,19713427,5275489,5275.489,21
TSs60,Ss02,9574237,10468529,894292,894.292,23
TSs60,Ss03,16106110,39630397,23524287,23524.287,29
TSs60,Ss03,82280561,88822378,6541817,6541.817,39
TSs60,Ss04,341889,4005038,3663149,3663.149,38
TSs60,Ss05,8668350,51375003,42706653,42706.653,25
TSs60,Ss06,7067913,13673462,6605549,6605.549,32
TSs60,Ss09,1708047,12747732,11039685,11039.685,32
TSs60,Ss10,11013852,14090473,3076621,3076.621,23
TSs60,Ss11,27194741,33055328,5860587,5860.587,20
TSs274,Ss01,40729560,44989593,4260033,4260.033,23
TSs274,Ss03,19147575,50365825,31218250,31218.25,22
TSs274,Ss04,57112165,64569637,7457472,7457.472,38
TSs274,Ss10,5191352,9956473,4765121,4765.121,20
TSs274,Ss11,3116909,28908034,25791125,25791.125,27
TSs10A,Ss01,16226345,27420869,11194524,11194.524,23
TSs10A,Ss01,41065538,46975334,5909796,5909.796,25
TSs10A,Ss02,4408332,17301339,12893007,12893.007,67
TSs10A,Ss03,66478800,76205401,9726601,9726.601,31
TSs10A,Ss03,78458001,84388488,5930487,5930.487,36
TSs10A,Ss05,3821071,51375003,47553932,47553.932,53
TSs10A,Ss06,732560,9583785,8851225,8851.225,56
TSs10A,Ss08,15868330,20302802,4434472,4434.472,24
TSs10A,Ss09,8219449,15259541,7040092,7040.092,24
TSs10A,Ss10,1972983,10530371,8557388,8557.388,34
TSs10A,Ss10,14348921,18851585,4502664,4502.664,66
TSs10A,Ss11,36976759,38996563,2019804,2019.804,20
TSs96,Ss03,59857248,75480244,15622996,15622.996,33
TSs96,Ss05,54826699,56063593,1236894,1236.894,20
TSs282,Ss01,2650601,47150489,44499888,44499.888,128
TSs282,Ss02,231358,29534297,29302939,29302.939,120
TSs282,Ss03,2529785,102763557,100233772,100233.772,224
TSs282,Ss04,341889,76297326,75955437,75955.437,210
TSs282,Ss05,372103,56643132,56271029,56271.029,107
TSs282,Ss06,732560,104942541,104209981,104209.981,113
TSs282,Ss07,127376,64990492,64863116,64863.116,77
TSs282,Ss08,385829,35184354,34798525,34798.525,163
TSs282,Ss09,1708047,64886887,63178840,63178.84,122
TSs282,Ss10,26969,18851585,18824616,18824.616,134
TSs282,Ss11,15610976,38996563,23385587,23385.587,59
TSs56A,Ss08,19445081,27767918,8322837,8322.837,35
TSs56A,Ss11,30261516,36129807,5868291,5868.291,21
TSs296,Ss02,231358,8607211,8375853,8375.853,33
TSs296,Ss03,60062565,73979466,13916901,13916.901,20
TSs296,Ss04,4005038,38883921,34878883,34878.883,22
TSs296,Ss05,6506337,55648276,49141939,49141.939,74
TSs296,Ss06,2755376,5865458,3110082,3110.082,24
TSs296,Ss09,2821796,48841067,46019271,46019.271,64
TSs296,Ss10,15351778,18851585,3499807,3499.807,47
TSs33,Ss04,70639268,74972519,4333251,4333.251,30
TSs33,Ss10,14593733,16999534,2405801,2405.801,50
TSs311,Ss01,41027371,47150489,6123118,6123.118,29
TSs311,Ss03,82280561,84663355,2382794,2382.794,29
TSs311,Ss03,96347797,100075533,3727736,3727.736,24
TSs311,Ss04,67824036,75205230,7381194,7381.194,48
TSs311,Ss05,48368584,53809245,5440661,5440.661,21
TSs311,Ss08,10377667,35184354,24806687,24806.687,119
TSs311,Ss11,50325,24356568,24306243,24306.243,20
TSs68,Ss01,8526683,18176550,9649867,9649.867,28
TSs68,Ss01,42699263,47035718,4336455,4336.455,21
TSs68,Ss02,9750893,21875192,12124299,12124.299,54
TSs68,Ss02,23418245,29534297,6116052,6116.052,23
TSs68,Ss03,73635793,84597657,10961864,10961.864,64
TSs68,Ss04,50818795,60297165,9478370,9478.37,21
TSs68,Ss04,66835085,75267549,8432464,8432.464,76
TSs68,Ss05,54700364,56490607,1790243,1790.243,24
TSs68,Ss09,13580202,43529057,29948855,29948.855,20
TSs104,Ss01,41864679,47150489,5285810,5285.81,23
TSs104,Ss05,1195807,6770597,5574790,5574.79,24
TSs58,Ss03,15684656,23121189,7436533,7436.533,30
TSs58,Ss05,6314953,11150633,4835680,4835.68,27
TSs58,Ss06,9116431,12721737,3605306,3605.306,20
TSs358,Ss01,2650601,47150489,44499888,44499.888,128
TSs358,Ss02,231358,29534297,29302939,29302.939,120
TSs358,Ss03,2529785,102763557,100233772,100233.772,224
TSs358,Ss04,341889,76297326,75955437,75955.437,210
TSs358,Ss05,372103,56643132,56271029,56271.029,107
TSs358,Ss06,732560,104942541,104209981,104209.981,113
TSs358,Ss07,127376,64990492,64863116,64863.116,77
TSs358,Ss08,6837326,35184354,28347028,28347.028,151
TSs358,Ss09,1708047,64886887,63178840,63178.84,122
TSs358,Ss10,26969,18851585,18824616,18824.616,134
TSs358,Ss11,50325,38996563,38946238,38946.238,75
TSs3,Ss02,1009223,8607211,7597988,7597.988,26
TSs3,Ss03,81896193,84212380,2316187,2316.187,21
TSs3,Ss06,8479959,13673462,5193503,5193.503,27
TSs3,Ss11,3627910,28228664,24600754,24600.754,21
TSs4,Ss01,12523186,19574145,7050959,7050.959,21
TSs4,Ss03,72779320,77404463,4625143,4625.143,24
TSs4,Ss03,81843892,83642661,1798769,1798.769,20
TSs4,Ss08,13049338,19225191,6175853,6175.853,23
TSs4,Ss11,50325,27194741,27144416,27144.416,23
TSs331,Ss02,231358,4408332,4176974,4176.974,23
TSs331,Ss02,9463453,15978456,6515003,6515.003,50
TSs331,Ss02,17301339,27822393,10521054,10521.054,26
TSs331,Ss03,15753744,23121189,7367445,7367.445,28
TSs331,Ss03,34573834,74397618,39823784,39823.784,30
TSs331,Ss03,93178754,102763557,9584803,9584.803,40
TSs331,Ss05,3896262,8512590,4616328,4616.328,23
TSs331,Ss06,7677287,12602506,4925219,4925.219,24
TSs331,Ss07,127376,5525318,5397942,5397.942,50
TSs331,Ss08,385829,7051020,6665191,6665.191,21
TSs331,Ss09,56110897,64886887,8775990,8775.99,44
TSs331,Ss10,5944865,12067176,6122311,6122.311,21
TSs331,Ss11,50325,27674495,27624170,27624.17,24
TSs314B,Ss03,80607185,84528272,3921087,3921.087,34
TSs314B,Ss03,97342468,102763557,5421089,5421.089,22
TSs314B,Ss04,66942729,69821346,2878617,2878.617,38
TSs314B,Ss10,15225158,16245982,1020824,1020.824,23
TSs333,Ss08,6837326,8536160,1698834,1698.834,20
TSs7,Ss02,10228760,11786021,1557261,1557.261,22
TSs7,Ss10,15977146,18851585,2874439,2874.439,31
TSs38,Ss01,2650601,10830557,8179956,8179.956,27
TSs38,Ss01,26571479,47150489,20579010,20579.01,73
TSs38,Ss02,231358,29534297,29302939,29302.939,120
TSs38,Ss03,2529785,39630397,37100612,37100.612,70
TSs38,Ss03,50365825,102763557,52397732,52397.732,153
TSs38,Ss04,341889,58245125,57903236,57903.236,75
TSs38,Ss04,64615003,75205230,10590227,10590.227,97
TSs38,Ss06,4113871,104942541,100828670,100828.67,92
TSs38,Ss07,127376,35912066,35784690,35784.69,73
TSs38,Ss08,385829,20703499,20317670,20317.67,108
TSs38,Ss08,20928025,35184354,14256329,14256.329,45
TSs38,Ss09,7192316,64886887,57694571,57694.571,105
TSs38,Ss10,26969,18851585,18824616,18824.616,134
TSs38,Ss11,50325,38996563,38946238,38946.238,75
TSs10,Ss01,3299966,36149336,32849370,32849.37,84
TSs10,Ss02,14322471,29534297,15211826,15211.826,37
TSs10,Ss03,10433132,96347797,85914665,85914.665,175
TSs10,Ss04,65143373,67333701,2190328,2190.328,32
TSs10,Ss04,69932637,73098072,3165435,3165.435,24
TSs10,Ss05,5177140,8512590,3335450,3335.45,20
TSs10,Ss06,12329070,15865772,3536702,3536.702,22
TSs10,Ss08,5957744,35184354,29226610,29226.61,152
TSs10,Ss09,42850408,53750135,10899727,10899.727,25
TSs10,Ss10,4795005,12849798,8054793,8054.793,33
TSs10,Ss11,50325,35423854,35373529,35373.529,50
TSs48,Ss01,2650601,31539538,28888937,28888.937,67
TSs48,Ss02,520896,4408332,3887436,3887.436,20
TSs48,Ss03,73624358,86669885,13045527,13045.527,74
TSs48,Ss04,60162937,64211882,4048945,4048.945,24
TSs48,Ss04,66942729,75230156,8287427,8287.427,74
TSs48,Ss05,372103,54700364,54328261,54328.261,81
TSs48,Ss07,4783202,64990492,60207290,60207.29,30
TSs48,Ss08,7594694,35184354,27589660,27589.66,138
TSs48,Ss09,1708047,16021700,14313653,14313.653,46
TSs48,Ss09,54572400,64886887,10314487,10314.487,45
TSs48,Ss10,26969,18851585,18824616,18824.616,134
