sample,obs_het_postQC,cluster,PC1_baseline,PC1_haploid,PCoA1_ibs
TSs156A,0.012978986402966625,minor,29.081601204666864,28.587271072267118,0.18883173447484244
TSs361,0.0086687306501548,minor,41.321361670749816,40.57505222116933,0.21575491295891927
TSs368,0.3716923076923077,main,-6.133129636181492,-7.5835929019879735,-0.04266645124310229
TSs49,0.28429546865301053,main,-7.6090757711335195,-5.0827041483236375,-0.024806133604796717
TSs138B,0.17777777777777778,minor,23.296219891242785,14.572055920760661,0.1232268101037838
TSs22B,0.3706896551724138,main,0.55775164673156,-4.963913240632256,-0.009048728059143614
TSs287,0.4963008631319359,main,-7.678856065329198,-7.312782367305214,-0.07887144464819076
TSs383,0.3840937114673243,main,-5.0919093922455545,-3.890370392360497,-0.03960653971484645
TSs314A,0.40948275862068967,main,-5.7034500655384655,-6.184387146585328,-0.05095923237236316
TSs30,0.47751078250154033,main,-7.398804688319637,-7.092240463996003,-0.07027670710652187
TSs291,0.30327362569487337,main,-8.018153216848832,-2.942285860333071,-0.028122696738138792
TSs157A,0.05555555555555555,main,-7.956368341254201,1.8881775730445223,0.044214110484126434
TSs27,0.3915997529339098,main,1.7206872249976293,-2.1759498555709516,-0.01916606670483258
TSs363,0.013580246913580247,minor,30.513926480559448,30.504420770997505,0.19538186116067474
TSs9,0.3764633394947628,main,-0.8586671284453478,-5.0918637877447885,-0.016821837284363882
TSs151B,0.014215080346106305,minor,41.0547830050256,40.137192275801794,0.214305339582633
TSs133,0.026559604694255712,minor,26.71485408371482,28.16391391134226,0.1844290821072909
TSs155,0.13481756338899195,minor,21.185383697680656,25.139752389122865,0.1378732083377613
TSs209,0.3261138613861386,main,-6.47077557446448,-3.2610349048579907,-0.03380188611131013
TSs136,0.2862430598396052,main,-3.996604562232154,-5.913571544909966,-0.01114133670986871
TSs22A,0.2341343191620456,main,-3.5053424285590475,-3.6190289018814403,0.007443433878827059
TSs357,0.26835286859962987,minor,23.406009419198487,5.380491283782263,0.09684135314095427
TSs161,0.5006165228113441,main,-9.730349297253637,-5.88766626685516,-0.08589827888023913
TSs11,0.48951911220715166,main,-7.75851782464331,-6.614782200859866,-0.0812120072418276
TSs5A,0.33189655172413796,main,6.694405310257836,-1.4137332416926391,0.02030119128248255
TSs131,0.3234750462107209,main,-2.077184839790898,-5.32642580419338,-0.009339343625423331
TSs294,0.4252163164400494,main,-1.9652238288188175,-5.319109381625397,-0.0382773267479209
TSs378,0.43730697961704756,main,-5.676696134114442,-6.960847533534019,-0.05982893503147445
TSs336,0.30246913580246915,main,-2.3732420311371127,-5.272751865991663,-0.007564947822245332
TSs111,0.26296296296296295,minor,16.00593208363542,7.153533140808538,0.08033399808199962
TSs56,0.27671402100061765,main,-8.148833450986976,-3.8374656626015855,-0.01667640900576905
TSs3A,0.27876923076923077,main,-4.533844890745007,-5.1702463902400275,-0.007902270732561412
TSs95,0.24736515809051457,main,-6.093778037336191,-2.6868623324260654,-0.010044521559066833
TSs2,0.21424148606811144,main,0.24812783639014677,-2.8407853565977983,0.028730160325109843
TSs44C,0.312192118226601,main,4.142914803345747,-3.4285262232704503,0.015905952834736496
TSs201,0.5163277880468269,main,-8.701987604253917,-6.969527954909103,-0.09260375041173438
TSs217,0.16139044072004965,main,-9.499148430659258,2.920087726929042,0.014875774741269738
TSs168,0.11564625850340136,main,1.7949650990858885,8.534994197360682,0.06727434127713487
TSs98,0.42398022249690975,main,-11.31324429932357,-5.946323734114932,-0.07991885007826335
TSs116,0.04630788485607009,main,-2.0635139094331407,10.47138755255865,0.07806563850213359
TSs53,0.41810344827586204,main,-6.106092280764019,-6.9827619867507895,-0.05156551596723535
TSs63A,0.5372307692307692,main,-5.394408557442137,-6.885699812163247,-0.07802868437354776
TSs158,0.39481801357186924,main,0.8630159907476921,-4.309547940868855,-0.013404280978191477
TSs269,0.24210526315789474,main,-0.033353608897689034,1.1858325910706147,0.02165338898196802
TSs317,0.35015384615384615,main,-9.291176389701201,-6.1182810204535345,-0.053962042789237656
TSs49A,0.23460591133004927,main,4.273622764896645,-0.27086759646148584,0.04008887130865443
TSs417,0.4806153846153846,main,-7.707615322969085,-6.346630689316921,-0.07657303770321255
TSs195,0.2777777777777778,main,9.51437448622222,0.35436756285454873,0.04483381901569826
TSs371,0.3325107958050586,main,-10.03357494026116,-3.6757491976582974,-0.046807697301261594
TSs23,0.4746600741656366,main,1.336652407872765,-5.470500426029882,-0.03697596422280283
TSs51,0.46153846153846156,main,-8.667240164889913,-6.930929067794432,-0.0756190888908725
TSs59B,0.40307692307692305,main,-1.5583489524432788,-6.37043195851436,-0.028844908394907477
TSs365,0.013622291021671827,minor,23.045122535512853,27.761099376352405,0.17612719114827857
TSs224,0.3925925925925926,main,8.564728382644132,-3.2246695632599964,0.011384386453504702
TSs325,0.5665844636251541,main,-9.20785235146353,-6.075536024030438,-0.10878394949601976
TSs119A,0.4254007398273736,main,2.710627288357021,-3.841058381442837,-0.019616412404435835
TSs166,0.04169259489732421,main,-7.495623124636367,5.459356814520141,0.05375933275003142
TSs297,0.03903345724907063,main,0.21804852192471783,8.62796845556155,0.09072833889442472
TSs338,0.3251231527093596,main,0.48974146966303556,-3.261270341834098,-0.002897486467793474
TSs293,0.3032178217821782,main,-5.568322043556659,-4.105911863582027,-0.027287355618868178
TSs24,0.12561881188118812,main,-9.047800476514402,-4.38169327934867,0.014744739256377698
TSs334,0.5320987654320988,main,-10.29060309244127,-6.951802899941204,-0.1008688232401371
TSs1A,0.32184615384615384,main,0.8947063509464043,-4.278248414638535,0.004047963144897623
TSs266,0.4469790382244143,main,-5.685405024947115,-7.076843448508171,-0.0633197615423238
TSs277,0.15021725636250777,main,7.200051830034484,3.879649661388095,0.06949096241486763
TSs60B,0.40615384615384614,main,-1.4423442214140136,-5.70689761801115,-0.032076395296306744
TSs303,0.169857936998147,main,-9.523776033236151,-2.7901290537154253,-6.211334203376494e-05
TSs120,0.4472547809993831,main,-4.618230233049515,-5.583170335384156,-0.058456634155825186
TSs132,0.39827373612823674,main,-5.276883450855361,-4.2039214934876,-0.050671462595869854
TSs78,0.21029776674937964,main,-7.883217542420841,1.0316003178557807,-0.0023074673608136516
TSs61,0.4060382008626001,main,-0.9860523617393934,-4.212427616821559,-0.02820022795594828
TSs60,0.2782233189389266,main,-2.635033923580826,-5.817831908929967,0.002658633110111517
TSs274,0.3212083847102343,main,-0.16243303673176926,-4.093531852290191,-0.004207072094965441
TSs10A,0.2737948084054388,main,-4.981518028121806,-5.451503150867322,-0.011674458399119833
TSs96,0.444513329200248,main,-9.868592419359311,-6.294855371053739,-0.0805642201610778
TSs282,0.01806853582554517,main,-0.47127409321780234,4.289315471550859,0.08826498016871884
TSs56A,0.4343807763401109,main,-6.302888837632265,-5.293254793119279,-0.055212699778839094
TSs296,0.2881773399014778,main,-2.2368062299614593,-4.973897452715567,-0.0028427525418278014
TSs33,0.47718865598027127,main,-5.462481884348899,-6.844735063594451,-0.06545742664071735
TSs311,0.351634793337446,main,-7.521415107117663,-4.50129495286149,-0.03779552416280794
TSs68,0.2725030826140567,main,1.1018320187077246,-4.652595709858248,0.018444215453619482
TSs104,0.5194085027726433,main,-5.0152625507488935,-6.962297030078474,-0.07553779851641473
TSs58,0.4736515809051457,main,-7.6577854296348615,-6.82952164867274,-0.07850693891974894
TSs358,0.007430340557275541,minor,41.24129092610542,40.39847099336086,0.2160699147207937
TSs82,0.563076923076923,main,-9.702953756841287,-7.103223913621086,-0.10658172301950833
TSs15,0.5055418719211823,main,-6.8839785197507695,-6.8702026140540715,-0.08160491761972444
TSs3,0.3561306223043746,main,-7.026029367776151,-5.796418925317391,-0.03978399320241184
TSs4,0.39408866995073893,main,1.8217666362137679,-5.460087535847929,-0.013379215082729051
TSs331,0.28076685219542363,main,-5.204561825143678,-4.250100963836661,-0.01751516434658194
TSs314B,0.4066543438077634,main,-5.1483908085519605,-6.104576228626732,-0.0434843544210272
TSs333,0.5403076923076923,main,-9.164073380600211,-7.447501027427549,-0.0975853642337535
TSs7,0.45292307692307693,main,2.937810988027554,-5.304531897342258,-0.025159303894063713
TSs38,0.07870081199250469,main,-7.960661975841542,17.32079109250628,0.05080554122127808
TSs10,0.2172029702970297,main,6.05551514638847,5.217277723405885,0.05431065858500231
TSs48,0.18761609907120744,main,-0.4270684038951156,2.3416614391616872,0.036576098664060565
