rs,z_PC1,z_PC2,mahal,p,q_bh,chr_cowpea,pos_cowpea,chr_ayb,snp_pos_ayb
100044743|F|0-7:G>A-7:G>A,-1.0848574184103301,-0.17896851726777452,14.576677185401717,0.000683462619791686,0.2511400251906282,,,Ss05,20353401.0
100014001|F|0-46:T>A-46:T>A,-1.0821908638858582,-0.054750332857522156,14.41512836294038,0.0007409598027280362,0.2511400251906282,,,Ss05,2168229.0
100044127|F|0-8:G>A-8:G>A,-1.0810821214104902,-0.0745965642024141,14.364212709941445,0.0007600651877774922,0.2511400251906282,,,Ss09,14087087.0
100038434|F|0-16:C>A-16:C>A,-1.0680592136806024,-0.19454570174957644,14.206911206105609,0.0008222586088728612,0.2511400251906282,,,Ss05,10925160.0
100013120|F|0-6:A>G-6:A>G,-1.0618948498001077,-0.18121164094096237,14.008812684482756,0.0009078727410251064,0.2511400251906282,,,Ss05,20353406.0
100038564|F|0-34:C>T-34:C>T,1.1411100155421952,0.17271102343665137,13.876504818671393,0.0009699632155146798,0.2511400251906282,,,Ss05,9728385.0
100052578|F|0-7:G>A-7:G>A,-1.0370132645210037,-0.24177403314854026,13.658195143649381,0.0010818339546673217,0.2511400251906282,,,Ss05,51051029.0
100018444|F|0-56:T>G-56:T>G,-1.0157037463499292,-0.21562918375573956,13.019942043597966,0.001488522857149066,0.302356205358404,,,Ss08,16466723.0
100019372|F|0-56:G>A-56:G>A,-0.9808374450518391,-0.17161252874088803,12.044816490554176,0.0024238253946560206,0.4376351407017815,,,Ss08,28078846.0
100015059|F|0-7:C>A-7:C>A,-0.908116866720132,-0.13665269209010386,10.351543067754525,0.005651854634026621,0.8696453767164067,,,Ss03,13937140.0
100018345|F|0-65:A>C-65:A>C,-0.8896219556007824,-0.11478437006961821,9.930807313333823,0.006975134581187703,0.8696453767164067,,,Ss01,44788831.0
100033258|F|0-23:G>A-23:G>A,-0.8732721982485881,0.023072431079757157,9.807681602075554,0.00741803708176203,0.8696453767164067,,,Ss10,9597839.0
100048863|F|0-39:A>G-39:A>G,-0.8823664599544521,-0.12495682331215494,9.790362546344225,0.007482552714886848,0.8696453767164067,,,Ss01,44946182.0
100016722|F|0-34:C>T-34:C>T,-0.8693327437225822,-0.17741853030132432,9.640323163318861,0.008065483799548079,0.8696453767164067,,,Ss07,241042.0
100017261|F|0-49:C>T-49:C>T,-0.8686309414571821,-0.042925004340048915,9.520984992405218,0.008561391906031224,0.8696453767164067,,,Ss01,12523186.0
100021804|F|0-50:G>A-50:G>A,0.9551964511910093,0.0804221813355495,9.279940593228913,0.009657984498114391,0.8696453767164067,,,Ss02,894084.0
100018327|F|0-50:C>T-50:C>T,-0.8490956370893493,-0.02182498690152842,9.165337783679094,0.010227563577622445,0.8696453767164067,,,Ss01,10262280.0
100035013|F|0-54:A>T-54:A>T,-0.8461602079727298,-0.10441242926070621,9.030813247371432,0.01093915610238061,0.8696453767164067,,,Ss08,12776859.0
100022149|F|0-63:C>T-63:C>T,-0.8422137094758744,-0.08217079081725852,8.947502731401306,0.011404453229409084,0.8696453767164067,,,Ss04,16420191.0
100016551|F|0-65:A>C-65:A>C,-0.838860168635636,-0.10886512189288673,8.888130670187921,0.011748081420404732,0.8696453767164067,Vu11 (old9),32255711.0,Ss11,35402436.0
100017927|F|0-49:C>T-49:C>T,0.12058576389857384,0.6355863237134847,8.76806593007004,0.012474946012178245,0.8696453767164067,,,Ss02,265092.0
100033600|F|0-16:A>G-16:A>G,-0.8252105779099723,-0.10195525196090441,8.61431696374783,0.013471775553071996,0.8696453767164067,,,Ss08,12781650.0
100034088|F|0-23:T>C-23:T>C,-0.825057019045824,-0.08305372382283195,8.607736220295338,0.01351617570890451,0.8696453767164067,,,Ss04,58446444.0
100049995|F|0-28:T>A-28:T>A,-0.8226274714286907,-0.125922307148918,8.587193758664442,0.013655718882632173,0.8696453767164067,,,Ss11,38112106.0
100015680|F|0-33:A>G-33:A>G,-0.8231286284386213,-0.06284405496528864,8.58055489399276,0.013701123434437634,0.8696453767164067,,,Ss04,65556647.0
100018158|F|0-47:G>T-47:G>T,-0.8122409609264676,-0.10400162208105924,8.36343098512443,0.015272285589016388,0.8696453767164067,contig_292,2803.0,Ss04,58496465.0
100014015|F|0-51:C>G-51:C>G,0.10542612775386187,0.6128606273681869,8.196256974249684,0.016603720418664425,0.8696453767164067,,,Ss08,10377667.0
100019999|F|0-68:T>C-68:T>C,-0.797361754383443,-0.1516948638228624,8.151183362303964,0.01698216367760097,0.8696453767164067,,,Ss08,8797618.0
100014172|F|0-5:G>A-5:G>A,0.2999548609756898,0.5846776199678912,8.015274837997811,0.018176287500144772,0.8696453767164067,,,Ss03,11899374.0
100019383|F|0-67:A>T-67:A>T,0.22716367803775236,0.590847462344279,7.8758750210602235,0.019488367876977608,0.8696453767164067,,,Ss11,38687047.0
100014423|F|0-36:C>T-36:C>T,0.22634391110648608,0.5901509510741364,7.857017960151102,0.01967298350640878,0.8696453767164067,,,Ss03,94552908.0
100019511|F|0-33:G>A-33:G>A,-0.7816103105974429,-0.06296479958063578,7.786616209558608,0.0203778224401423,0.8696453767164067,,,Ss02,14299715.0
100015767|F|0-23:A>T-23:A>T,0.27776107217494356,0.5778863423643555,7.7596297993835295,0.020654648009611365,0.8696453767164067,,,Ss04,75911718.0
100013842|F|0-67:A>G-67:A>G,-0.7756981139879349,-0.12871287687362737,7.7012077925835065,0.021266889563932856,0.8696453767164067,,,Ss04,64912930.0
100016503|F|0-64:G>C-64:G>C,-0.21927075808414967,0.5449532942820674,7.666108321242941,0.021643412126213124,0.8696453767164067,Vu05 (old1),42344593.0,Ss05,6122293.0
100017598|F|0-46:C>G-46:C>G,0.39644935752376215,0.5434008756602499,7.65381457171799,0.0217768611971616,0.8696453767164067,,,Ss09,45505408.0
100021941|F|0-59:G>A-59:G>A,-0.4970417096513476,-0.5462170082098895,7.41871456032389,0.024493260518224425,0.8696453767164067,,,Ss03,96376487.0
100018496|F|0-32:T>G-32:T>G,0.40337592467595945,0.5283541768276209,7.382548878325034,0.024940197015997367,0.8696453767164067,,,Ss09,43881573.0
100028279|F|0-18:C>T-18:C>T,0.8204303353525683,0.17439085946497887,7.33431662371597,0.02554896909042037,0.8696453767164067,,,Ss07,217293.0
100013950|F|0-50:T>C-50:T>C,-0.7472827933324939,-0.11583639530985271,7.168503059736536,0.02775743546853926,0.8696453767164067,Vu01 (old4),30947226.0,Ss01,40800799.0
100039064|F|0-19:C>T-19:C>T,0.22859837261164442,0.5589729293595747,7.150594844803849,0.028007094597997773,0.8696453767164067,,,,
100034357|F|0-15:T>C-15:T>C,-0.4616130674278004,0.4033431434143659,7.139266499100082,0.02816618174610197,0.8696453767164067,,,Ss09,14568764.0
100016887|F|0-60:G>T-60:G>T,-0.742151846738937,-0.11453408697528628,7.075888757483776,0.029073028835189252,0.8696453767164067,,,Ss08,4841385.0
100059435|F|0-20:G>A-20:G>A,-0.4559407989512222,0.4025196962905501,7.056691425521182,0.029353434736419826,0.8696453767164067,,,Ss04,37457789.0
100017587|F|0-60:T>A-60:T>A,0.18776777213667067,0.5550335783973855,6.952957748718966,0.030916079002168084,0.8696453767164067,,,Ss03,73807138.0
100048111|F|0-10:T>A-10:T>A,-0.5763897367799948,0.28837466382558025,6.8887764224471395,0.03192428698990313,0.8696453767164067,,,Ss03,89662393.0
100032829|F|0-7:T>A-7:T>A,-0.7322476018864684,-0.08012345294291723,6.885020106278905,0.03198430218896664,0.8696453767164067,,,Ss02,21875192.0
100020264|F|0-33:T>A-33:T>A,-0.6125307004185122,0.24406809264307064,6.86681885273451,0.032276707905284474,0.8696453767164067,,,Ss03,96634457.0
100019086|F|0-55:A>G-55:A>G,-0.7021657475495963,0.061995395679636106,6.752576627054055,0.034174063031575774,0.8696453767164067,,,Ss03,82624959.0
100016486|F|0-61:G>C-61:G>C,0.1548571715425271,0.5474159266997435,6.722891769137192,0.034685072060808064,0.8696453767164067,,,Ss06,31926904.0
