rank,method,rs,chr_ayb,pos_Mb,statistic,value,p,q_BH
1,PCAdapt,100044743|F|0-7:G>A-7:G>A,Ss05,20.353,Mahalanobis,14.577,6.83e-04,0.251
2,PCAdapt,100014001|F|0-46:T>A-46:T>A,Ss05,2.168,Mahalanobis,14.415,7.41e-04,0.251
3,PCAdapt,100044127|F|0-8:G>A-8:G>A,Ss09,14.087,Mahalanobis,14.364,7.60e-04,0.251
4,PCAdapt,100038434|F|0-16:C>A-16:C>A,Ss05,10.925,Mahalanobis,14.207,8.22e-04,0.251
5,PCAdapt,100013120|F|0-6:A>G-6:A>G,Ss05,20.353,Mahalanobis,14.009,9.08e-04,0.251
6,PCAdapt,100038564|F|0-34:C>T-34:C>T,Ss05,9.728,Mahalanobis,13.877,9.70e-04,0.251
7,PCAdapt,100052578|F|0-7:G>A-7:G>A,Ss05,51.051,Mahalanobis,13.658,1.08e-03,0.251
8,PCAdapt,100018444|F|0-56:T>G-56:T>G,Ss08,16.467,Mahalanobis,13.02,1.49e-03,0.302
9,PCAdapt,100019372|F|0-56:G>A-56:G>A,Ss08,28.079,Mahalanobis,12.045,2.42e-03,0.438
10,PCAdapt,100015059|F|0-7:C>A-7:C>A,Ss03,13.937,Mahalanobis,10.352,5.65e-03,0.87
11,PCAdapt,100018345|F|0-65:A>C-65:A>C,Ss01,44.789,Mahalanobis,9.931,6.98e-03,0.87
12,PCAdapt,100033258|F|0-23:G>A-23:G>A,Ss10,9.598,Mahalanobis,9.808,7.42e-03,0.87
13,PCAdapt,100048863|F|0-39:A>G-39:A>G,Ss01,44.946,Mahalanobis,9.79,7.48e-03,0.87
14,PCAdapt,100016722|F|0-34:C>T-34:C>T,Ss07,0.241,Mahalanobis,9.64,8.07e-03,0.87
15,PCAdapt,100017261|F|0-49:C>T-49:C>T,Ss01,12.523,Mahalanobis,9.521,8.56e-03,0.87
1,DAPC,100038564|F|0-34:C>T-34:C>T,Ss05,9.728,LD1_loading,0.0375,,
2,DAPC,100018444|F|0-56:T>G-56:T>G,Ss08,16.467,LD1_loading,-0.0366,,
3,DAPC,100013120|F|0-6:A>G-6:A>G,Ss05,20.353,LD1_loading,-0.0359,,
4,DAPC,100038434|F|0-16:C>A-16:C>A,Ss05,10.925,LD1_loading,-0.0357,,
5,DAPC,100044743|F|0-7:G>A-7:G>A,Ss05,20.353,LD1_loading,-0.0325,,
6,DAPC,100019999|F|0-68:T>C-68:T>C,Ss08,8.798,LD1_loading,-0.0295,,
7,DAPC,100052578|F|0-7:G>A-7:G>A,Ss05,51.051,LD1_loading,-0.0291,,
8,DAPC,100044127|F|0-8:G>A-8:G>A,Ss09,14.087,LD1_loading,-0.0285,,
9,DAPC,100019372|F|0-56:G>A-56:G>A,Ss08,28.079,LD1_loading,-0.028,,
10,DAPC,100019784|F|0-32:C>G-32:C>G,Ss07,2.349,LD1_loading,-0.0276,,
11,DAPC,100033600|F|0-16:A>G-16:A>G,Ss08,12.782,LD1_loading,-0.0269,,
12,DAPC,100035013|F|0-54:A>T-54:A>T,Ss08,12.777,LD1_loading,-0.0264,,
13,DAPC,100021699|F|0-19:G>C-19:G>C,Ss05,9.404,LD1_loading,-0.0253,,
14,DAPC,100014001|F|0-46:T>A-46:T>A,Ss05,2.168,LD1_loading,-0.0249,,
15,DAPC,100038655|F|0-21:A>T-21:A>T,Ss05,9.385,LD1_loading,-0.023,,
