sample,n_seg_short,sum_bp_short,F_ROH_short,n_seg_intermediate,sum_bp_intermediate,F_ROH_intermediate,n_seg_long,sum_bp_long,F_ROH_long,n_seg_very_long,sum_bp_very_long,F_ROH_very_long,mean_long_segment_Mb,g_eff_from_long,mean_verylong_segment_Mb,g_eff_from_verylong,F_ROH_total
TSs156A,0,0.0,0.0,0,0.0,0.0,1,18824616.0,0.028969861495844875,10,611745111.0,0.9414359972299169,18.824616,2.505751581905029,61.174511100000004,0.7710696901794237,0.9704058587257618
TSs361,0,0.0,0.0,0,0.0,0.0,1,18824616.0,0.028969861495844875,10,605808268.0,0.9322995814096645,18.824616,2.505751581905029,60.5808268,0.778626073831576,0.9612694429055094
TSs358,0,0.0,0.0,0,0.0,0.0,1,18824616.0,0.028969861495844875,10,605808268.0,0.9322995814096645,18.824616,2.505751581905029,60.5808268,0.778626073831576,0.9612694429055094
TSs133,0,0.0,0.0,0,0.0,0.0,5,75359553.0,0.11597345798707294,8,548158301.0,0.843580026161896,15.071910599999999,3.129650418756778,68.519787625,0.6884115225065938,0.9595534841489689
TSs151B,0,0.0,0.0,0,0.0,0.0,2,33507777.0,0.05156629270544783,10,589617778.0,0.9073834687596184,16.7538885,2.815454532883797,58.9617778,0.8000065988640308,0.9589497614650663
TSs282,0,0.0,0.0,0,0.0,0.0,1,18824616.0,0.028969861495844875,10,596699114.0,0.9182811849799939,18.824616,2.505751581905029,59.6699114,0.7905125081307682,0.9472510464758388
TSs365,0,0.0,0.0,0,0.0,0.0,1,18824616.0,0.028969861495844875,10,585162332.0,0.9005268267159126,18.824616,2.505751581905029,58.5162332,0.8060978764565234,0.9294966882117575
TSs363,0,0.0,0.0,0,0.0,0.0,1,18824616.0,0.028969861495844875,10,572427822.0,0.880929242843952,18.824616,2.505751581905029,57.2427822,0.8240307250606473,0.9098991043397969
TSs297,0,0.0,0.0,1,4747174.0,0.007305592489996922,3,42851815.0,0.06594616035703293,9,515957001.0,0.7940243167128347,14.283938333333333,3.302297323048374,57.32855566666667,0.8227978321139061,0.8672760695598646
TSs38,0,0.0,0.0,0,0.0,0.0,4,51851128.0,0.07979551862111418,10,450855368.0,0.6938371314250539,12.962782,3.63886481472532,45.0855368,1.0462293380247547,0.7736326500461681
TSs166,0,0.0,0.0,1,3736018.0,0.005749489073561096,7,111872236.0,0.1721641058787319,6,376886756.0,0.5800042413050169,15.981748,2.9514801084809195,62.81445933333334,0.7509387459731492,0.7579178362573099
TSs116,0,0.0,0.0,2,6314535.0,0.009717659279778393,6,65359892.0,0.10058462911665128,8,389495711.0,0.5994086041859034,10.893315333333334,4.330161193114094,48.686963875,0.9688386287931108,0.709710892582333
TSs157A,0,0.0,0.0,3,8122422.0,0.012499879963065558,4,66554526.0,0.10242309325946446,8,373125588.0,0.5742160480147738,16.6386315,2.8349573894196,46.6406985,1.0113444446110669,0.6891390212373038
TSs155,0,0.0,0.0,2,7124608.0,0.010964309018159434,7,87816195.0,0.13514342105263158,5,347676453.0,0.5350514819944598,12.545170714285714,3.759997563607522,69.5352906,0.678357865678564,0.6811592120652509
TSs168,0,0.0,0.0,2,3518203.0,0.00541428593413358,7,79569729.0,0.12245264542936288,7,355231427.0,0.5466780963373346,11.367104142857144,4.149677061804282,50.74734671428572,0.9295030060650659,0.674545027700831
TSs138B,0,0.0,0.0,3,8954026.0,0.013779664512157588,9,87700596.0,0.1349655216989843,6,331959449.0,0.5108640335487843,9.744510666666667,4.84065469619833,55.32657483333334,0.852570603961113,0.6596092197599261
TSs277,0,0.0,0.0,2,6068768.0,0.009339439827639273,7,94848400.0,0.14596552785472452,5,321309422.0,0.49447433364112037,13.549771428571429,3.481225611030687,64.2618844,0.7340247140458072,0.6497793013234842
TSs24,0,0.0,0.0,3,10330745.0,0.01589834564481379,7,86341119.0,0.13287337488457987,5,319689678.0,0.49198165281625117,12.33444557142857,3.8242344212064596,63.9379356,0.7377437334832362,0.6407533733456449
TSs78,0,0.0,0.0,3,9091661.0,0.013991475838719606,8,70661505.0,0.10874346722068329,6,302706667.0,0.4658459018159434,8.832688125,5.340368713715307,50.451111166666664,0.9349608012582303,0.5885808448753462
TSs217,0,0.0,0.0,3,7646210.0,0.011767020621729763,7,79502228.0,0.12234876577408434,6,249834586.0,0.3844792028316405,11.357461142857144,4.153200325974298,41.639097666666665,1.132825012164362,0.5185949892274546
TSs303,0,0.0,0.0,3,11889170.0,0.01829666051092644,7,80894259.0,0.1244910110803324,5,172841341.0,0.26599159895352414,11.556322714285715,4.081731921733568,34.568268200000006,1.364540770392273,0.40877927054478297
TSs48,0,0.0,0.0,2,7936381.0,0.012213574946137272,5,64785710.0,0.09970100030778702,4,171014148.0,0.2631796675900277,12.957142,3.6404487440791127,42.753537,1.1032961160793484,0.375094242843952
TSs2,0,0.0,0.0,5,16832422.0,0.02590400430901816,9,76050470.0,0.11703673437980917,3,144305486.0,0.22207677131425055,8.450052222222222,5.582191693053211,48.10182866666666,0.9806240766360342,0.36501751000307786
TSs10,0,0.0,0.0,4,12227915.0,0.01881796706678978,3,34166346.0,0.052579787626962145,4,183364174.0,0.2821855555555556,11.388782,4.141778402708447,45.8410435,1.028986421758805,0.3535833102493075
TSs95,0,0.0,0.0,5,20904577.0,0.0321707863958141,4,38455783.0,0.059180952600800245,2,151364834.0,0.23294064943059403,9.61394575,4.90639458005624,75.682417,0.6232598427816426,0.32429238842720837
TSs56,0,0.0,0.0,5,20457758.0,0.031483160972606956,4,38652525.0,0.059483725761772854,3,145748724.0,0.22429782086795938,9.66313125,4.881420949420999,48.582908,0.9709137073629828,0.3152647076023392
TSs111,0,0.0,0.0,4,11166575.0,0.01718463373345645,5,50279510.0,0.07737690058479532,4,128963583.0,0.1984665789473684,10.055902,4.690758851941349,32.24089575,1.4630428287884873,0.29302811326562017
TSs269,0,0.0,0.0,3,8350400.0,0.012850723299476762,8,79343464.0,0.12210443828870422,3,99597575.0,0.15327419975377038,9.917933,4.756012298203135,33.19919166666667,1.42081204248461,0.2882293613419514
TSs195,1,575819.0,0.0008861480455524777,2,4989116.0,0.007677925515543244,7,65740391.0,0.10117019236688211,3,113565104.0,0.17476931979070484,9.39148442857143,5.022615080663013,37.85503466666666,1.2460644069173237,0.28450358571868267
TSs27,0,0.0,0.0,1,3846181.0,0.005919022776238843,0,0.0,0.0,4,167764889.0,0.258179269005848,,,41.94122225,1.1246646804804243,0.2640982917820868
TSs296,0,0.0,0.0,2,6609889.0,0.010172189904586026,2,22292754.0,0.03430710064635272,3,130040093.0,0.20012325792551555,11.146377,4.231851418694587,43.346697666666664,1.0881984986143016,0.2446025484764543
TSs22A,0,0.0,0.0,6,20038868.0,0.03083851646660511,3,44796939.0,0.06893957987072946,2,81100430.0,0.12480829485995691,14.932313,3.158908557619621,40.550215,1.1632444198077547,0.22458639119729149
TSs136,0,0.0,0.0,1,4616328.0,0.0071042289935364725,7,49823386.0,0.07667495537088335,2,89755283.0,0.1381275515543244,7.117626571428572,6.627182649635314,44.8776415,1.0510759867083193,0.22190673591874424
TSs331,0,0.0,0.0,3,13718521.0,0.021111912896275776,8,60949739.0,0.09379769005847953,2,67447954.0,0.10379802092951677,7.618717375,6.191306095109574,33.723977,1.3987025112949971,0.2187076238842721
TSs10A,0,0.0,0.0,3,10956940.0,0.016862019082794708,8,70103120.0,0.10788414896891352,1,47553932.0,0.07318241305016929,8.76289,5.382905790299173,47.553932,0.9919224202270953,0.1979285811018775
TSs291,0,0.0,0.0,6,12971171.0,0.01996178978147122,1,6889629.0,0.01060269159741459,3,95220478.0,0.1465381317328409,6.889629,6.846495119077488,31.74015933333333,1.486123961300259,0.1771026131117267
TSs293,0,0.0,0.0,4,12209604.0,0.01878978762696214,1,5605633.0,0.00862670514004309,2,94801948.0,0.14589404124345953,5.605633,8.41471628998094,47.400974,0.9951232504368944,0.17331053401046476
TSs49,0,0.0,0.0,4,11021297.0,0.016961060326254232,4,34202444.0,0.052635340104647585,2,66100361.0,0.10172416281932903,8.550611,5.516542773464343,33.0501805,1.4272179639307783,0.17132056325023085
TSs224,0,0.0,0.0,2,5147829.0,0.007922174515235457,2,11917401.0,0.01834010618651893,1,87811520.0,0.13513622653124038,5.9587005,7.916123879821568,87.81152,0.5371711060320413,0.16139850723299476
TSs44C,0,0.0,0.0,2,6180443.0,0.009511300400123116,6,44246660.0,0.06809273622653124,1,52658010.0,0.08103725761772854,7.374443333333333,6.396389420682337,52.65801,0.8957765650611317,0.1586412942443829
TSs60,1,894292.0,0.0013762573099415205,2,6739770.0,0.010372068328716528,4,30047638.0,0.04624136349646045,2,66230940.0,0.10192511542012928,7.5119095,6.279337007555099,33.11547,1.424404102395488,0.15991480455524779
TSs68,0,0.0,0.0,2,6126698.0,0.009428590335487843,6,56762916.0,0.08735444136657433,1,29948855.0,0.04608934287473069,9.460486,4.985981832302772,29.948855,1.5750121772853993,0.14287237457679286
TSs336,0,0.0,0.0,3,9087257.0,0.01398469836872884,4,34761497.0,0.0534956863650354,2,45541590.0,0.07008554939981533,8.69037425,5.427822779986112,22.770795,2.0715048078362974,0.13756593413357956
TSs5A,0,0.0,0.0,3,10052698.0,0.015470449369036627,4,29292199.0,0.0450787919359803,2,45040465.0,0.06931435056940598,7.32304975,6.4412796486538575,22.5202325,2.09455259046525,0.1298635918744229
TSs3A,1,939688.0,0.0014461188057863959,7,19533211.0,0.0300603431825177,3,19725001.0,0.030355495537088335,1,40113651.0,0.06173230378578024,6.575000333333333,7.174115426522116,40.113651,1.1759042157682111,0.12359426131117267
TSs22B,0,0.0,0.0,3,9909106.0,0.015249470606340413,3,35308072.0,0.0543368297937827,1,30644972.0,0.04716062172976301,11.769357333333334,4.007849365501015,30.644972,1.5392349296568038,0.11674692212988612
TSs311,0,0.0,0.0,2,6110530.0,0.009403708833487227,3,18944973.0,0.029155083102493075,2,49112930.0,0.07558160972606956,6.314991,7.469497790377646,24.556465,1.920871400698542,0.11414040166204986
TSs274,0,0.0,0.0,2,9025154.0,0.013889125884887658,1,7457472.0,0.011476565096952909,2,57009375.0,0.08773372576177285,7.457472,6.325174445275117,28.5046875,1.6548089264530517,0.11309941674361342
TSs338,0,0.0,0.0,4,14677286.0,0.02258738996614343,2,11798909.0,0.018157754693751922,1,41511227.0,0.06388308248691905,5.8994545,7.995622530990741,41.511227,1.1363145522235398,0.10462822714681441
TSs9,0,0.0,0.0,5,15072730.0,0.023195952600800245,2,21792062.0,0.03353656817482302,1,30644972.0,0.04716062172976301,10.896031,4.329081967622405,30.644972,1.5392349296568038,0.10389314250538627
TSs1A,0,0.0,0.0,3,10432630.0,0.016055140043090183,4,24369477.0,0.03750304247460757,1,28563857.0,0.043957920898738075,6.09236925,7.742441304055022,28.563857,1.6513810204537405,0.09751610341643582
TSs158,0,0.0,0.0,3,10762202.0,0.01656232994767621,3,24076500.0,0.037052169898430284,1,26563592.0,0.04087964296706679,8.0255,5.877491909632387,26.563592,1.775731660114141,0.09449414281317328
TSs132,0,0.0,0.0,2,6232969.0,0.009592134502923977,3,21613631.0,0.03326197445367805,1,30932043.0,0.047602405355493996,7.204543666666667,6.547230956347138,30.932043,1.5249497526159108,0.09045651431209603
TSs49A,0,0.0,0.0,8,25565617.0,0.039343824253616495,5,31188321.0,0.04799680055401662,0,0.0,0.0,6.2376642,7.562095330613456,,,0.08734062480763312
TSs59B,0,0.0,0.0,3,3695131.0,0.005686566635887965,2,11552901.0,0.01777916435826408,1,33898159.0,0.05216706525084641,5.7764505,8.165881681277234,33.898159,1.3915154306980129,0.07563279624499845
TSs4,0,0.0,0.0,2,6423912.0,0.009885983379501384,2,13226812.0,0.020355204678362573,1,27144416.0,0.041773493382579255,6.613406,7.13245358303342,27.144416,1.7377353530374247,0.0720146814404432
TSs209,0,0.0,0.0,3,10166227.0,0.015645163127116037,5,33568664.0,0.051659993844259774,0,0.0,0.0,6.7137328,7.025869620660911,,,0.06730515697137582
TSs334,0,0.0,0.0,1,2020208.0,0.0031089689135118496,0,0.0,0.0,1,40882396.0,0.06291535241612804,,,40.882396,1.1537927307576277,0.0660243213296399
TSs357,0,0.0,0.0,3,10184206.0,0.015672831640504772,4,32376829.0,0.049825837180670976,0,0.0,0.0,8.09420725,5.827601130518954,,,0.06549866882117575
TSs371,0,0.0,0.0,3,10547592.0,0.016232059095106187,4,31854236.0,0.04902160049245922,0,0.0,0.0,7.963559,5.923207365043031,,,0.0652536595875654
TSs3,0,0.0,0.0,1,2316187.0,0.003564461372730071,2,12791491.0,0.019685273930440134,1,24600754.0,0.03785896275777162,6.3957455,7.375185788858346,24.600754,1.9174132354136268,0.061108698060941824
TSs60B,0,0.0,0.0,3,8931076.0,0.0137443459526008,0,0.0,0.0,1,29948855.0,0.04608934287473069,,,29.948855,1.5750121772853993,0.05983368882733149
TSs131,0,0.0,0.0,5,13654446.0,0.021013305632502307,2,16998421.0,0.026159465989535242,0,0.0,0.0,8.4992105,5.549905055387758,,,0.04717277162203755
TSs266,0,0.0,0.0,1,2059042.0,0.003168731917513081,3,21706396.0,0.033404733764235146,0,0.0,0.0,7.235465333333333,6.519250545427448,,,0.03657346568174823
TSs368,0,0.0,0.0,5,12625850.0,0.019430363188673437,2,10878336.0,0.016741052631578948,0,0.0,0.0,5.439168,8.672247542409927,,,0.036171415820252385
TSs317,0,0.0,0.0,4,10794332.0,0.01661177593105571,2,12475859.0,0.019199536780547862,0,0.0,0.0,6.2379295,7.56177371365847,,,0.03581131271160357
TSs61,0,0.0,0.0,1,1296971.0,0.001995954139735303,2,19886119.0,0.03060344567559249,0,0.0,0.0,9.9430595,4.743993669227738,,,0.03259939981532779
TSs96,0,0.0,0.0,1,1236894.0,0.0019034995383194829,1,15622996.0,0.02404277623884272,0,0.0,0.0,15.622996,3.0192551621183745,,,0.025946275777162204
TSs58,0,0.0,0.0,2,8440986.0,0.012990129270544782,1,7436533.0,0.01144434133579563,0,0.0,0.0,7.436533,6.342984199862317,,,0.02443447060634041
TSs56A,0,0.0,0.0,0,0.0,0.0,2,14191128.0,0.021839224376731303,0,0.0,0.0,7.095564,6.647788860865002,,,0.021839224376731303
TSs314B,0,0.0,0.0,3,7820528.0,0.012035284702985535,1,5421089.0,0.008342703908895044,0,0.0,0.0,5.421089,8.701168957151362,,,0.02037798861188058
TSs11,0,0.0,0.0,4,11696897.0,0.0180007648507233,0,0.0,0.0,0,0.0,0.0,,,,,0.0180007648507233
TSs104,0,0.0,0.0,0,0.0,0.0,2,10860600.0,0.016713758079409047,0,0.0,0.0,5.4303,8.686409833849828,,,0.016713758079409047
TSs383,0,0.0,0.0,2,3987190.0,0.006136026469682979,1,6364379.0,0.00979436595875654,0,0.0,0.0,6.364379,7.4115339958155735,,,0.01593039242843952
TSs119A,0,0.0,0.0,0,0.0,0.0,1,9492083.0,0.014607699292089873,0,0.0,0.0,9.492083,4.969384625140206,,,0.014607699292089873
TSs417,0,0.0,0.0,3,7342696.0,0.011299932286857495,0,0.0,0.0,0,0.0,0.0,,,,,0.011299932286857495
TSs161,0,0.0,0.0,3,7123481.0,0.01096257463835026,0,0.0,0.0,0,0.0,0.0,,,,,0.01096257463835026
TSs33,0,0.0,0.0,2,6739052.0,0.010370963373345645,0,0.0,0.0,0,0.0,0.0,,,,,0.010370963373345645
TSs201,0,0.0,0.0,2,6298525.0,0.009693020929516774,0,0.0,0.0,0,0.0,0.0,,,,,0.009693020929516774
TSs314A,0,0.0,0.0,2,5672356.0,0.008729387503847337,0,0.0,0.0,0,0.0,0.0,,,,,0.008729387503847337
TSs53,0,0.0,0.0,2,4752818.0,0.007314278239458295,0,0.0,0.0,0,0.0,0.0,,,,,0.007314278239458295
TSs7,0,0.0,0.0,2,4431700.0,0.006820098491843644,0,0.0,0.0,0,0.0,0.0,,,,,0.006820098491843644
TSs30,0,0.0,0.0,1,3426076.0,0.005272508464142813,0,0.0,0.0,0,0.0,0.0,,,,,0.005272508464142813
TSs120,0,0.0,0.0,1,3234337.0,0.00497743459526008,0,0.0,0.0,0,0.0,0.0,,,,,0.00497743459526008
TSs287,0,0.0,0.0,1,2890504.0,0.004448297937827024,0,0.0,0.0,0,0.0,0.0,,,,,0.004448297937827024
TSs378,0,0.0,0.0,1,2759948.0,0.004247380732533087,0,0.0,0.0,0,0.0,0.0,,,,,0.004247380732533087
TSs51,0,0.0,0.0,1,2164805.0,0.003331494305940289,0,0.0,0.0,0,0.0,0.0,,,,,0.003331494305940289
TSs333,0,0.0,0.0,1,1698834.0,0.002614395198522622,0,0.0,0.0,0,0.0,0.0,,,,,0.002614395198522622
TSs98,0,0.0,0.0,1,1236894.0,0.0019034995383194829,0,0.0,0.0,0,0.0,0.0,,,,,0.0019034995383194829
TSs294,0,0.0,0.0,0,0.0,0.0,0,0.0,0.0,0,0.0,0.0,,,,,0.0
TSs15,0,0.0,0.0,0,0.0,0.0,0,0.0,0.0,0,0.0,0.0,,,,,0.0
TSs82,0,0.0,0.0,0,0.0,0.0,0,0.0,0.0,0,0.0,0.0,,,,,0.0
TSs63A,0,0.0,0.0,0,0.0,0.0,0,0.0,0.0,0,0.0,0.0,,,,,0.0
TSs325,0,0.0,0.0,0,0.0,0.0,0,0.0,0.0,0,0.0,0.0,,,,,0.0
TSs23,0,0.0,0.0,0,0.0,0.0,0,0.0,0.0,0,0.0,0.0,,,,,0.0
