rs,method,chr_ayb,snp_pos_ayb,MAF_C1,MAF_C2,F_ST,attribution
100014001|F|0-46:T>A-46:T>A,DAPC,Ss05,2168229.0,0.0,0.5,0.47619047619047616,Cluster-2-driven
100038655|F|0-21:A>T-21:A>T,DAPC,Ss05,9384711.0,0.17857142857142858,0.7272727272727273,0.45000451358589355,panel-wide
100021699|F|0-19:G>C-19:G>C,DAPC,Ss05,9404333.0,0.08928571428571429,0.7272727272727273,0.5782760719695361,Cluster-2-driven
100038564|F|0-34:C>T-34:C>T,DAPC,Ss05,9728385.0,0.0,0.7272727272727273,0.7142857142857143,Cluster-2-driven
100038434|F|0-16:C>A-16:C>A,DAPC,Ss05,10925160.0,0.011904761904761904,0.7272727272727273,0.6957509269317438,Cluster-2-driven
100044743|F|0-7:G>A-7:G>A,DAPC,Ss05,20353401.0,0.0,0.6818181818181818,0.6666666666666666,Cluster-2-driven
100013120|F|0-6:A>G-6:A>G,DAPC,Ss05,20353406.0,0.005952380952380952,0.6818181818181818,0.6568471337579618,Cluster-2-driven
100030037|F|0-16:T>A-16:T>A,DAPC,Ss05,50984236.0,0.5059523809523809,0.0,0.5029940119760479,Cluster-1-driven
100052578|F|0-7:G>A-7:G>A,DAPC,Ss05,51051029.0,0.03571428571428571,0.8181818181818182,0.7605279237443482,Cluster-2-driven
100021903|F|0-59:G>A-59:G>A,DAPC,Ss05,53809245.0,0.08928571428571429,0.36363636363636365,0.1643407745179098,panel-wide
100016088|F|0-16:G>A-16:G>A,DAPC,Ss05,54091087.0,0.4166666666666667,0.13636363636363635,0.16273856228429845,panel-wide
100014531|F|0-60:G>C-60:G>C,DAPC,Ss05,55055643.0,0.3192771084337349,0.9090909090909091,0.5288572233627179,panel-wide
100013074|F|0-31:T>C-31:T>C,DAPC,Ss05,55643605.0,0.09523809523809523,0.3181818181818182,0.11013555710664559,panel-wide
100019466|F|0-22:C>T-22:C>T,DAPC,Ss05,55643610.0,0.08333333333333333,0.3181818181818182,0.12731059619890656,panel-wide
100016627|F|0-41:T>C-41:T>C,DAPC,Ss05,56449380.0,0.08928571428571429,0.3181818181818182,0.1185684187181193,panel-wide
100014001|F|0-46:T>A-46:T>A,PCAdapt,Ss05,2168229.0,0.0,0.5,0.47619047619047616,Cluster-2-driven
100016503|F|0-64:G>C-64:G>C,PCAdapt,Ss05,6122293.0,0.11309523809523814,0.045454545454545414,0.012872066086804575,panel-wide
100038564|F|0-34:C>T-34:C>T,PCAdapt,Ss05,9728385.0,0.0,0.7272727272727273,0.7142857142857143,Cluster-2-driven
100038434|F|0-16:C>A-16:C>A,PCAdapt,Ss05,10925160.0,0.011904761904761904,0.7272727272727273,0.6957509269317438,Cluster-2-driven
100044743|F|0-7:G>A-7:G>A,PCAdapt,Ss05,20353401.0,0.0,0.6818181818181818,0.6666666666666666,Cluster-2-driven
100013120|F|0-6:A>G-6:A>G,PCAdapt,Ss05,20353406.0,0.005952380952380952,0.6818181818181818,0.6568471337579618,Cluster-2-driven
100052578|F|0-7:G>A-7:G>A,PCAdapt,Ss05,51051029.0,0.03571428571428571,0.8181818181818182,0.7605279237443482,Cluster-2-driven
