accession,call_rate,observed_het,qc_status,qc_fail_reason,pca_cluster_K2,cluster_label
TSs10,0.9725,0.128,Pass,,2,Main
TSs104,0.9738,0.3051,Pass,,2,Main
TSs10A,0.9697,0.1648,Pass,,2,Main
TSs11,0.9535,0.2845,Pass,,2,Main
TSs111,0.912,0.1557,Pass,,1,Minor
TSs116,0.9026,0.0304,Pass,,2,Main
TSs119A,0.9788,0.2577,Pass,,2,Main
TSs120,0.9254,0.2722,Pass,,2,Main
TSs131,0.9728,0.1912,Pass,,2,Main
TSs132,0.9257,0.238,Pass,,2,Main
TSs133,0.9657,0.0178,Pass,,1,Minor
TSs136,0.9048,0.1749,Pass,,2,Main
TSs138B,0.9757,0.1078,Pass,,1,Minor
TSs15,0.986,0.2915,Pass,,2,Main
TSs151B,0.9657,0.0097,Pass,,1,Minor
TSs155,0.9129,0.0827,Pass,,1,Minor
TSs156A,0.9697,0.009,Pass,,1,Minor
TSs157A,0.9348,0.0364,Pass,,2,Main
TSs158,0.917,0.2372,Pass,,2,Main
TSs161,0.9288,0.3021,Pass,,2,Main
TSs166,0.9716,0.0263,Pass,,2,Main
TSs168,0.9007,0.0724,Pass,,2,Main
TSs195,0.9082,0.1691,Pass,,2,Main
TSs1A,0.985,0.1771,Pass,,2,Main
TSs2,0.9566,0.1188,Pass,,2,Main
TSs201,0.9825,0.3034,Pass,,2,Main
TSs209,0.9086,0.2003,Pass,,2,Main
TSs217,0.9061,0.1037,Pass,,2,Main
TSs224,0.9323,0.2293,Pass,,2,Main
TSs22A,0.9775,0.1367,Pass,,2,Main
TSs22B,0.9866,0.2072,Pass,,2,Main
TSs23,0.9082,0.2794,Pass,,2,Main
TSs24,0.9185,0.0788,Pass,,2,Main
TSs266,0.9479,0.2618,Pass,,2,Main
TSs269,0.9064,0.1488,Pass,,2,Main
TSs27,0.9142,0.238,Pass,,2,Main
TSs274,0.936,0.1907,Pass,,2,Main
TSs277,0.9079,0.0911,Pass,,2,Main
TSs282,0.9454,0.0116,Pass,,2,Main
TSs287,0.9429,0.292,Pass,,2,Main
TSs291,0.9429,0.1834,Pass,,2,Main
TSs293,0.9232,0.1758,Pass,,2,Main
TSs294,0.9023,0.2622,Pass,,2,Main
TSs296,0.9703,0.1624,Pass,,2,Main
TSs297,0.9045,0.0235,Pass,,2,Main
TSs3,0.9797,0.2026,Pass,,2,Main
TSs30,0.9541,0.2816,Pass,,2,Main
TSs303,0.9738,0.1064,Pass,,2,Main
TSs311,0.9591,0.2047,Pass,,2,Main
TSs314A,0.9267,0.2391,Pass,,2,Main
TSs314B,0.9825,0.2456,Pass,,2,Main
TSs317,0.9423,0.2017,Pass,,2,Main
TSs325,0.9713,0.3544,Pass,,2,Main
TSs33,0.9597,0.2745,Pass,,2,Main
TSs331,0.9744,0.1675,Pass,,2,Main
TSs333,0.9891,0.3064,Pass,,2,Main
TSs334,0.9263,0.3157,Pass,,2,Main
TSs336,0.9064,0.1811,Pass,,2,Main
TSs338,0.9145,0.1932,Pass,,2,Main
TSs357,0.921,0.1599,Pass,,1,Minor
TSs358,0.9307,0.0064,Pass,,1,Minor
TSs361,0.9354,0.0063,Pass,,1,Minor
TSs363,0.9061,0.01,Pass,,1,Minor
TSs365,0.9316,0.0087,Pass,,1,Minor
TSs368,0.9604,0.2168,Pass,,2,Main
TSs371,0.9054,0.2048,Pass,,2,Main
TSs378,0.9123,0.2569,Pass,,2,Main
TSs38,0.9354,0.0467,Pass,,2,Main
TSs383,0.9491,0.2262,Pass,,2,Main
TSs3A,0.9813,0.1667,Pass,,2,Main
TSs4,0.9885,0.2213,Pass,,2,Main
TSs417,0.9866,0.2854,Pass,,2,Main
TSs44C,0.9797,0.1816,Pass,,2,Main
TSs48,0.9622,0.1113,Pass,,2,Main
TSs49,0.9638,0.1661,Pass,,2,Main
TSs49A,0.9744,0.1326,Pass,,2,Main
TSs51,0.9229,0.2732,Pass,,2,Main
TSs53,0.921,0.245,Pass,,2,Main
TSs56,0.9057,0.1692,Pass,,2,Main
TSs56A,0.9841,0.254,Pass,,2,Main
TSs58,0.9719,0.2707,Pass,,2,Main
TSs59B,0.9891,0.2222,Pass,,2,Main
TSs5A,0.9803,0.198,Pass,,2,Main
TSs60,0.9176,0.1622,Pass,,2,Main
TSs60B,0.9878,0.231,Pass,,2,Main
TSs61,0.9398,0.2458,Pass,,2,Main
TSs63A,0.9903,0.3139,Pass,,2,Main
TSs68,0.9707,0.1486,Pass,,2,Main
TSs7,0.9688,0.2584,Pass,,2,Main
TSs78,0.9273,0.1242,Pass,,2,Main
TSs82,0.9885,0.324,Pass,,2,Main
TSs9,0.9585,0.2165,Pass,,2,Main
TSs95,0.9051,0.1507,Pass,,2,Main
TSs96,0.9419,0.2661,Pass,,2,Main
TSs98,0.9167,0.2594,Pass,,2,Main
TSs138,0.8958,0.0143,Fail,call rate < 0.90,,
TSs182,0.8948,0.097,Fail,call rate < 0.90,,
TSs22,0.897,0.1949,Fail,call rate < 0.90,,
TSs346,0.8976,0.0807,Fail,call rate < 0.90,,
TSs349,0.8855,0.0828,Fail,call rate < 0.90,,
TSs377,0.8967,0.016,Fail,call rate < 0.90,,
TSs63,0.8936,0.0814,Fail,call rate < 0.90,,
TSs69,0.8864,0.044,Fail,call rate < 0.90,,
TSs84,0.8958,0.2181,Fail,call rate < 0.90,,
TSs89,0.8961,0.1724,Fail,call rate < 0.90,,
