sample,cluster,LD1
TSs156A,1,-8.708978284924164
TSs361,1,-11.080783548269377
TSs368,2,1.3005525835275797
TSs49,2,3.0357325764268426
TSs138B,1,-6.4167597076049026
TSs22B,2,1.5104438847369779
TSs287,2,1.5822530172393128
TSs383,2,1.249933722400965
TSs314A,2,0.43361207936889534
TSs30,2,1.412362072280157
TSs291,2,1.5356655350571626
TSs157A,2,1.6662545823508845
TSs27,2,0.7234768291115975
TSs363,1,-9.114571888380901
TSs9,2,0.5699326490727593
TSs151B,1,-10.976013901660542
TSs133,1,-8.587445237568009
TSs155,1,-10.955516088550628
TSs209,2,1.489587793711183
TSs136,2,0.01088308512667624
TSs22A,2,2.3350962904640262
TSs357,1,-6.502866163917444
TSs161,2,1.7747296380782145
TSs11,2,2.667931836998826
TSs5A,2,0.1572781089723957
TSs131,2,0.03176852585360082
TSs294,2,1.3767933993652768
TSs378,2,0.25685123217241135
TSs336,2,0.10226034539337456
TSs111,1,-7.244716435672194
TSs56,2,0.7078190397814752
TSs3A,2,1.8160069758194373
TSs95,2,1.349920506090664
TSs2,2,1.7226885904797473
TSs44C,2,0.3345807754664757
TSs201,2,2.3074504781163014
TSs217,2,1.9716112449831695
TSs168,2,1.7942109694446453
TSs98,2,1.6450588946469105
TSs116,2,1.2647255080989313
TSs53,2,1.210553271366078
TSs63A,2,2.3660003197434616
TSs158,2,0.14344334337840947
TSs269,2,0.19927263303946302
TSs317,2,2.5906240784327594
TSs49A,2,-0.678164042117569
TSs417,2,1.7311840699166665
TSs195,2,0.2751262834504564
TSs371,2,2.3080002598105382
TSs23,2,-0.47182763132148475
TSs51,2,1.797471141213157
TSs59B,2,1.0505671685721842
TSs365,1,-7.4938934737156595
TSs224,2,-1.224599798086298
TSs325,2,1.3334957190097971
TSs119A,2,1.4758020744825129
TSs166,2,0.6021787145412867
TSs297,2,0.327968155043659
TSs338,2,1.511203649636486
TSs293,2,2.0056831332428553
TSs24,2,1.9439457087509526
TSs334,2,0.7653391983726332
TSs1A,2,0.7918163324661075
TSs266,2,1.532587247717369
TSs277,2,0.12288465541582651
TSs60B,2,1.2078483764658008
TSs303,2,0.4088899535991353
TSs120,2,1.078611313037463
TSs132,2,2.4506729362628517
TSs78,2,0.5657711361695031
TSs61,2,-0.1390755969597682
TSs60,2,1.4137841307807202
TSs274,2,0.7350083167387029
TSs10A,2,2.3755316782721536
TSs96,2,1.7429585245119021
TSs282,2,1.2746105050417564
TSs56A,2,0.8582358795205761
TSs296,2,1.5248911117366346
TSs33,2,0.05690152260828903
TSs311,2,1.3373810157635042
TSs68,2,1.6539488529519994
TSs104,2,1.428477187306728
TSs58,2,0.9041695806590648
TSs358,1,-11.043730309528678
TSs82,2,1.452886154776477
TSs15,2,1.0642119891998314
TSs3,2,2.5755996901427927
TSs4,2,1.2127732236776514
TSs331,2,2.395238930932059
TSs314B,2,1.1228757990990643
TSs333,2,0.274856396255582
TSs7,2,0.2525676259863071
TSs38,2,1.2450203176893255
TSs10,2,0.12249530488209584
TSs48,2,1.6801047259701158
